date,temperature_2m,relative_humidity_2m,wind_speed_10m,precipitation
2019-01-01,21.99949998,55.76591921,8.920918496,0.0
2019-02-01,22.42658333,53.34218242,10.60319866,0.0
2019-04-01,21.76616667,60.33061692,9.091025129,0.0
2019-05-01,22.38699998,63.72121783,9.215504967,0.0
2019-06-01,21.98908333,64.06788521,10.66097972,0.0
2019-07-01,22.98283333,55.44711683,14.41448976,0.0
2019-08-01,22.84116667,48.46479333,11.47557224,0.0
2019-09-01,22.04741667,54.08841596,10.41097033,0.0
2019-10-01,21.10158329,63.81475083,10.03589061,0.0
2019-11-01,21.94741665,60.590958,8.458821308,0.0
2019-12-01,21.88699998,67.11561763,9.9194547,0.0
2019-01-13,21.03908333,70.26237771,11.31365605,0.0
2019-01-14,22.19533333,56.76488946,12.18431529,0.0
2019-01-15,23.42866667,52.11035913,11.50405178,0.0
2019-01-16,24.02866667,55.51894517,10.43397823,0.0
2019-01-17,23.387,65.48451242,8.596420833,0.0
2019-01-18,23.05366667,63.35924525,10.98251114,0.0
2019-01-19,22.87658333,64.84859221,8.915275104,0.0
2019-01-20,23.77033333,69.81995996,7.091438783,0.0
2019-01-21,24.04325,70.45097425,7.7432518,0.0
2019-01-22,23.1495,78.54351183,9.354059979,0.0
2019-01-23,22.58908333,81.42831567,7.013004863,0.008333333
2019-01-24,21.60575,71.27971942,12.64637629,0.0
2019-01-25,21.74533333,57.88060579,14.84107648,0.0
2019-01-26,21.29116667,45.50648421,19.0065775,0.0
2019-01-27,21.75575,48.9552725,18.27856444,0.0
2019-01-28,22.987,45.92984167,18.05207548,0.0
2019-01-29,22.77241667,40.38579379,16.17362075,0.0
2019-01-30,22.25991667,43.56978125,12.11109399,0.0
2019-01-31,22.17866667,58.37593829,9.578268342,0.0
2019-01-02,22.00575,64.21977288,9.871503554,0.0
2019-02-02,22.43075,62.01149083,9.817477338,0.0
2019-03-02,22.02033333,63.30242988,10.24189214,0.0
2019-05-02,22.87658333,67.62123867,8.758333758,0.0
2019-06-02,24.23075,67.84346679,8.73628335,0.0
2019-07-02,23.71616667,77.11295413,9.697130096,0.0
2019-08-02,22.92658333,74.45442229,10.51281075,0.0
2019-09-02,21.23491667,70.21489038,11.95751965,0.0
2019-10-02,19.45991667,58.18569671,14.31974313,0.0
2019-11-02,20.31408331,43.717408,12.42728672,0.0
2019-12-02,21.69533331,47.71528804,8.13928775,0.0
2019-02-13,23.3995,54.25562521,9.401736604,0.0
2019-02-14,26.30783346,47.15558537,8.162548979,0.0
2019-02-15,24.76408333,63.36200429,13.34346777,0.0
2019-02-16,24.25783333,63.46841004,13.51615933,0.0
2019-02-17,22.49741667,72.29440092,12.26613439,0.0
2019-02-18,22.05366667,65.56362883,10.7277219,0.0
2019-02-19,21.90158333,68.91393842,8.959150608,0.0
2019-02-20,22.837,67.73830771,10.47436942,0.0
2019-02-21,23.49116667,65.85922829,11.5194967,0.0
2019-02-22,24.03283333,79.57531946,7.267849746,0.0
2019-02-23,24.15158333,80.04660671,11.52073686,0.0
2019-02-24,25.51408333,65.47625733,13.12066452,0.0
2019-02-25,26.19533358,62.37087213,11.48053567,0.0
2019-02-26,25.28491667,57.53880488,13.83017907,0.0
2019-02-27,24.44741667,66.92213346,12.76927995,0.0
2019-01-03,24.33908333,71.98450275,11.85639463,0.0
2019-02-03,23.08491667,78.27705725,9.377053079,0.0
2019-03-03,23.82866667,59.43707588,12.06862873,0.0
2019-04-03,23.67241667,63.03413392,8.439020613,0.0
2019-05-03,24.35991667,78.40941408,7.853049613,0.0
2019-06-03,23.95158333,82.61277413,8.028996971,0.0
2019-07-03,23.79325,83.31944979,9.643004917,0.0
2019-08-03,23.87241667,77.71223483,8.490060758,0.0
2019-09-03,23.04741667,76.35252354,10.27253366,0.0
2019-10-03,23.45575,73.85746462,11.7720593,0.0
2019-11-03,24.85158333,68.74246725,13.69787351,0.0
2019-12-03,25.9495,60.75703642,12.64302192,0.0
2019-03-13,25.32033333,68.01963588,10.10230956,0.0
2019-03-14,24.40991667,78.63473988,13.55269504,0.0
2019-03-15,24.33491667,78.29742367,10.51117592,0.0
2019-03-16,23.98908333,75.14634388,10.42294743,0.0
2019-03-17,24.58908333,66.99106654,15.30274887,0.0
2019-03-18,26.05158333,46.32591933,14.56567249,0.0
2019-03-19,25.15366667,62.79585713,9.674601171,0.0
2019-03-20,24.74533333,71.51918158,9.36829975,0.0
2019-03-21,25.53283333,59.85520675,11.57656648,0.0
2019-03-22,25.56825,66.23903896,8.684293538,0.0
2019-03-23,24.92658333,80.00494983,9.943293432,0.0
2019-03-24,24.57033333,79.09338858,9.964476179,0.0
2019-03-25,24.887,74.06852367,11.76227282,0.0
2019-03-26,27.25575,57.70029537,13.16557053,0.0
2019-03-27,29.04950025,47.19748833,13.76153336,0.0
2019-03-28,29.25158371,47.42986192,14.76771118,0.0
2019-03-29,28.79741704,54.47371417,12.08931875,0.0
2019-03-30,26.53075025,77.64738779,8.423295671,0.0
2019-03-31,26.6995,75.61236504,10.0174744,0.0
2019-01-04,27.57658346,69.87855025,10.43450414,0.0
2019-02-04,27.15575,80.01242558,10.1253243,0.0
2019-03-04,27.42658333,76.29045621,9.134762867,0.0
2019-04-04,26.312,76.46106,8.403512375,0.0
2019-05-04,26.12866667,82.64376792,8.683967875,0.0
2019-06-04,27.10158333,79.55650813,9.916101779,0.0
2019-07-04,27.55158333,80.95018821,9.7738918,0.0
2019-08-04,27.25366667,79.73993842,8.078070621,0.0
2019-09-04,27.10991667,80.68339679,9.092059433,0.0
2019-10-04,27.28491667,79.82050696,8.724678204,0.0
2019-11-04,27.44741667,79.49638962,8.621938708,0.0
2019-12-04,27.28075,82.38890425,8.597262567,0.0
2019-04-13,27.52033333,81.77331542,10.46342084,0.0
2019-04-14,27.79741667,79.5726675,10.39132893,0.0
2019-04-15,28.07658358,77.97739083,10.79623979,0.0
2019-04-16,28.96200063,68.49867446,13.27234419,0.0
2019-04-17,29.3620005,71.87318029,9.035838963,0.0
2019-04-18,29.39741692,74.21841429,8.126577225,0.0
2019-04-19,28.65366667,77.34592587,10.04741727,0.0
2019-04-20,27.31616667,60.30487271,13.0791442,0.008333333
2019-04-21,27.387,71.05027571,14.08119539,0.0
2019-04-22,27.99741704,70.21431517,11.13640285,0.0
2019-04-23,27.83283346,76.25018896,8.289395753,0.0
2019-04-24,27.5745,74.79013408,8.7588651,0.0
2019-04-25,27.98700012,76.09016183,11.10090336,0.0
2019-04-26,28.07241692,77.26030963,10.75406654,0.0
2019-04-27,28.52450013,76.24796475,12.14355981,0.0
2019-04-28,28.86616679,73.05522804,14.03671928,0.0
2019-04-29,29.56408358,73.13180292,11.72135709,0.0
2019-04-30,30.83700025,68.53710367,12.5668852,0.0
2019-01-05,30.34116729,72.64815054,12.9149442,0.0
2019-02-05,29.14533333,78.8496145,12.35009434,0.0
2019-03-05,28.63491667,78.37857804,11.77071305,0.0
2019-04-05,28.07241667,77.50079325,9.609458513,0.0
2019-05-05,27.69533333,75.01237908,10.06516991,0.0
2019-06-05,28.48283333,69.78411167,12.43311179,0.0
2019-07-05,28.80366667,71.20656521,11.46613913,0.033333333
2019-08-05,28.48908333,75.21771542,9.61052625,0.0
2019-09-05,28.4995,77.84619033,10.22223027,0.0
2019-10-05,28.70575,76.560595,10.35717543,0.0
2019-11-05,28.85783333,68.94925679,11.31901289,0.004166667
2019-12-05,28.64116667,70.1136515,9.950578867,0.0
2019-05-13,28.712,72.17476258,9.808293554,0.0
2019-05-14,28.50991667,73.70850371,11.25581334,0.0
2019-05-15,28.72658333,74.63518854,10.72392507,0.0
2019-05-16,28.8995,76.41476988,10.31892966,0.0
2019-05-17,28.62866667,77.56776658,9.646899508,0.0
2019-05-18,28.73075025,75.65745196,10.07433116,0.0
2019-05-19,28.43700038,78.34151025,10.74653102,0.0
2019-05-20,28.77241667,78.80910575,12.17039888,0.0
2019-05-21,29.31825025,78.01682029,14.56507191,0.0
2019-05-22,29.39325025,78.9843075,13.97852685,0.0
2019-05-23,29.4620005,79.98656608,13.30681344,0.0
2019-05-24,29.80783346,80.56789379,11.4870601,0.0
2019-05-25,29.42241704,78.55573421,11.52454655,0.0
2019-05-26,29.65783358,78.32671088,11.31487227,0.0
2019-05-27,29.75158346,76.24318112,10.72962672,0.0
2019-05-28,29.54533358,75.10525371,10.41673629,0.0
2019-05-29,29.74950013,72.07003892,10.63762445,0.0
2019-05-30,29.90158383,74.11576875,11.79934065,0.0
2019-05-31,29.63700025,76.22912229,10.42756179,0.0
2019-01-06,29.62866692,76.41995796,10.83411109,0.0
2019-02-06,29.78491679,75.07855288,10.83326081,0.0
2019-03-06,30.05783358,71.01615433,12.06504765,0.0
2019-04-06,30.41825038,70.36830146,12.13167783,0.004166667
2019-05-06,30.53283358,70.42164788,12.35659885,0.0
2019-06-06,30.34116692,71.51488,14.45035792,0.0
2019-07-06,30.17033358,70.27079388,12.6052961,0.029166667
2019-08-06,30.31616692,71.78466446,13.60556165,0.0125
2019-09-06,30.44533346,72.55110929,11.21004715,0.0
2019-10-06,30.62658371,73.12112283,11.52549853,0.0125
2019-11-06,30.82241704,75.72317817,10.9332418,0.004166667
2019-12-06,30.80366729,75.39610946,10.89542069,0.0125
2019-06-13,30.12033333,78.49374046,11.87451544,0.045833333
2019-06-14,30.12033333,75.58508858,9.791236763,0.1125
2019-06-15,27.62866667,84.88545704,30.21100071,0.829166667
2019-06-16,27.27033333,89.59757604,28.7323235,0.595833333
2019-06-17,27.1495,88.57149267,25.19389117,0.441666667
2019-06-18,27.48491667,88.97836908,25.93205792,0.504166667
2019-06-19,27.69325,88.30959142,24.09400083,0.191666667
2019-06-20,27.47658333,88.69701121,22.38476571,0.208333333
2019-06-21,27.33283333,90.74061963,23.23238146,0.391666667
2019-06-22,27.85991667,87.68885263,13.27975733,0.304166667
2019-06-23,28.55366667,84.31360688,10.3215634,0.045833333
2019-06-24,28.21616667,86.61301788,8.895080929,0.070833333
2019-06-25,28.76616667,81.71088021,10.28948443,0.045833333
2019-06-26,28.53283333,82.65065379,8.153466563,0.120833333
2019-06-27,27.79325,85.89348721,8.988461108,0.4375
2019-06-28,28.20575,85.823683,9.848182933,0.4
2019-06-29,27.83908333,87.98667725,11.83213687,0.575
2019-06-30,27.27866667,89.96985638,14.06358001,1.516666667
2019-01-07,26.8745,90.88958625,20.38989308,3.745833333
2019-02-07,26.54741667,91.064149,17.14184252,1.875
2019-03-07,26.487,91.50500758,13.22593096,1.466666667
2019-04-07,26.15158333,92.72432188,11.92439342,1.654166667
2019-05-07,26.69116667,90.67053354,11.18953283,0.766666667
2019-06-07,26.70366667,91.81473388,14.38991603,0.641666667
2019-07-07,26.92241667,91.45849837,16.94476896,0.845833333
2019-08-07,26.65158333,91.74588217,19.91280967,0.758333333
2019-09-07,26.35366667,91.16960275,22.71823242,0.966666667
2019-10-07,26.70783333,91.34329554,21.55422642,0.6875
2019-11-07,26.85991667,90.89764808,20.67683688,0.629166667
2019-12-07,26.70991667,90.49021729,22.97190367,0.6
2019-07-13,26.55991667,90.68870129,19.74151142,1.4125
2019-07-14,26.56408333,90.44020729,20.49005815,0.633333333
2019-07-15,26.57033333,91.65006792,18.87862981,0.216666667
2019-07-16,26.78908333,91.61597,15.83829615,0.208333333
2019-07-17,27.0745,89.76643588,15.57196921,0.241666667
2019-07-18,27.33908333,87.76957796,16.94146694,0.2
2019-07-19,26.77241667,90.48473867,13.70411831,0.254166667
2019-07-20,26.9495,89.07530463,12.15469446,0.316666667
2019-07-21,27.24533333,89.29371171,9.891552183,0.1625
2019-07-22,27.63491667,86.75083538,6.907418745,0.129166667
2019-07-23,27.60366667,88.51588083,5.420923161,0.9375
2019-07-24,27.10991667,89.57851767,7.51971235,3.466666667
2019-07-25,27.84741667,87.20220658,11.3443965,0.270833333
2019-07-26,27.412,88.90833925,20.55074842,4.441666667
2019-07-27,26.73908333,90.60331792,19.49228246,4.316666667
2019-07-28,26.68491667,91.20259108,16.16749304,1.054166667
2019-07-29,26.45783333,90.06437362,20.25075083,1.341666667
2019-07-30,26.39116667,90.17285483,21.9667945,1.358333333
2019-07-31,26.52033333,89.04408004,19.64274563,0.629166667
2019-01-08,26.09741667,90.73107379,22.67401875,1.733333333
2019-02-08,26.07658333,89.98201246,25.48971004,2.408333333
2019-03-08,26.29325,89.21469179,22.75177688,1.295833333
2019-04-08,26.58491667,87.69935763,24.9472415,0.658333333
2019-05-08,26.47033333,89.45854563,27.02451233,1.895833333
2019-06-08,25.92866667,91.8748475,27.54770779,4.408333333
2019-07-08,26.19741667,90.66757946,25.62778083,3.1625
2019-08-08,26.08491667,92.27100071,23.79928346,2.6375
2019-09-08,26.34741667,90.58366658,24.76644267,1.333333333
2019-10-08,26.91616667,88.03986942,27.65003283,0.65
2019-11-08,26.88908333,88.19312408,30.20767854,0.6
2019-12-08,27.02241667,86.40661421,33.43602713,0.4375
2019-08-13,26.99533333,85.80998667,31.33980675,0.429166667
2019-08-14,26.52241667,88.16234988,22.47961617,0.575
2019-08-15,26.85366667,87.76156833,15.46039229,0.175
2019-08-16,26.93908333,88.90258717,13.68410027,0.195833333
2019-08-17,26.612,90.69952058,14.70777931,0.366666667
2019-08-18,26.5495,89.85953942,17.31563079,0.525
2019-08-19,26.85991667,87.68029488,18.60794208,0.220833333
2019-08-20,27.12866667,85.43251354,16.95675629,0.129166667
2019-08-21,26.94741667,87.04645192,11.22948694,0.116666667
2019-08-22,26.87033333,88.50115042,8.841486946,0.125
2019-08-23,27.10575,86.68333704,8.835772004,0.120833333
2019-08-24,26.57658333,89.73110658,8.919937833,0.204166667
2019-08-25,26.24325,89.57436521,9.705466012,0.258333333
2019-08-26,26.33283333,89.62472629,10.10693316,0.266666667
2019-08-27,26.21616667,90.54653333,11.47271354,0.241666667
2019-08-28,26.36825,88.59176013,10.16534938,0.158333333
2019-08-29,26.54741667,87.19502175,12.01027149,0.1625
2019-08-30,26.16616667,90.62319158,14.50104656,0.279166667
2019-08-31,26.51825,90.12884875,15.27832129,0.145833333
2019-01-09,26.94741667,89.71413796,11.77214483,0.170833333
2019-02-09,26.89533333,89.56723283,11.20882688,0.691666667
2019-03-09,26.52241667,91.123418,14.82279804,1.175
2019-04-09,27.03491667,88.39336158,16.26845854,0.333333333
2019-05-09,26.63075,91.43598729,15.81719481,0.7
2019-06-09,26.24741667,91.61912013,14.06509494,1.829166667
2019-07-09,26.01825,92.34816358,16.97842838,3.133333333
2019-08-09,26.44325,90.93678571,20.16707808,1.7875
2019-09-09,26.337,91.47630046,20.24043694,1.941666667
2019-10-09,26.61616667,90.9258855,21.39428117,1.833333333
2019-11-09,26.44325,91.52957421,19.694749,1.579166667
2019-12-09,26.82866667,90.51807067,18.74126258,0.883333333
2019-09-13,26.54741667,91.60225792,16.07146421,0.654166667
2019-09-14,26.79325,89.52366388,15.23104198,0.229166667
2019-09-15,25.98908333,91.37438313,15.48456846,0.883333333
2019-09-16,25.7745,92.13776533,12.51468054,1.379166667
2019-09-17,26.36408333,90.86104313,11.89723208,0.5375
2019-09-18,26.237,90.78136392,10.58992748,0.345833333
2019-09-19,26.67866667,89.71556233,12.52318158,0.2
2019-09-20,26.962,88.28202246,9.988601704,0.141666667
2019-09-21,26.6745,91.42908596,8.550980357,1.3625
2019-09-22,26.30158333,90.40123817,9.147284846,0.933333333
2019-09-23,26.52866667,89.10290438,20.27428296,0.7125
2019-09-24,26.8495,87.14603663,21.79458652,0.083333333
2019-09-25,27.11825,87.29772563,15.44122961,0.054166667
2019-09-26,27.262,88.07527538,7.520047825,0.029166667
2019-09-27,27.3745,88.69026754,8.817481017,0.770833333
2019-09-28,26.72241667,90.99613804,6.580391267,0.520833333
2019-09-29,26.59325,89.54020625,15.72230376,1.2125
2019-09-30,26.20575,89.42519267,20.33062546,0.4625
2019-01-10,26.65575,88.04339896,17.61176169,0.195833333
2019-02-10,26.9495,87.18834192,16.09057777,0.158333333
2019-03-10,26.65783333,90.48716758,10.42780276,0.266666667
2019-04-10,27.15991667,87.93019863,7.063648204,0.083333333
2019-05-10,26.88491667,89.07130704,6.755844471,0.020833333
2019-06-10,27.34741667,87.45731279,8.450107467,0.0375
2019-07-10,27.05158333,90.09934179,5.891825475,0.125
2019-08-10,27.13491667,88.520736,6.988184267,0.179166667
2019-09-10,27.67241667,86.6554845,6.436032079,0.129166667
2019-10-10,27.7245,88.04843863,6.543037025,0.175
2019-11-10,28.26825,86.45015617,6.168263283,0.166666667
2019-12-10,28.19741667,84.48021717,5.049057063,0.070833333
2019-10-13,28.81408333,84.59028042,5.729321346,0.0
2019-10-14,28.16825,84.69938179,4.606290792,0.179166667
2019-10-15,27.66408333,87.82203937,5.307217992,0.279166667
2019-10-16,28.25158333,85.77582354,5.233782642,0.170833333
2019-10-17,29.02450013,76.51652392,8.394249183,0.0
2019-10-18,28.80575025,70.82386538,9.162749688,0.0
2019-10-19,28.42241667,67.67686996,9.7866833,0.0
2019-10-20,28.40575012,69.91486013,8.727859667,0.0
2019-10-21,28.2245,75.70997704,7.946489054,0.070833333
2019-10-22,25.77866667,90.60883642,6.862737796,0.8875
2019-10-23,25.20575,91.52084433,7.971617292,1.391666667
2019-10-24,26.57241667,86.87186625,7.808005479,0.970833333
2019-10-25,26.07658333,88.93437254,6.900862233,1.095833333
2019-10-26,25.44325,91.71432667,4.920330904,3.395833333
2019-10-27,26.68075,87.86684913,7.922706854,0.520833333
2019-10-28,26.49533333,81.61975754,14.74783505,0.520833333
2019-10-29,25.48075,90.21890767,9.128152396,0.379166667
2019-10-30,26.78491667,83.18210092,8.975044421,0.008333333
2019-10-31,26.4745,84.02001812,5.974832757,0.216666667
2019-01-11,27.40366667,84.80630488,6.450196163,0.0
2019-02-11,28.29116667,80.69062517,6.395875117,0.016666667
2019-03-11,28.43491667,73.76048163,8.882844,0.1375
2019-04-11,27.21408333,82.50181617,8.844922179,0.420833333
2019-05-11,27.0245,84.30598017,8.659644817,0.0125
2019-06-11,26.66616667,85.567419,6.227322713,0.0
2019-07-11,27.12241667,87.24563275,9.59579285,0.0
2019-08-11,27.29325,86.22375083,8.630669817,0.004166667
2019-09-11,27.09741667,86.18692733,7.395781529,0.004166667
2019-10-11,26.862,82.95758263,17.11791151,0.170833333
2019-11-11,25.93908333,87.32165571,10.81238379,0.15
2019-12-11,26.09741667,87.19423579,7.182684563,0.041666667
2019-11-13,26.137,88.16788833,8.286332079,0.0
2019-11-14,26.32866667,84.75676738,7.246648454,0.0
2019-11-15,27.17241667,80.83139546,6.724908567,0.0
2019-11-16,27.43908333,77.26272233,7.029080342,0.0
2019-11-17,26.412,69.9629055,7.777709338,0.0
2019-11-18,26.93908333,74.93211717,7.529110833,0.0
2019-11-19,27.612,77.45563738,7.228808213,0.0
2019-11-20,28.49116692,68.70765125,9.564119263,0.0
2019-11-21,26.80366667,70.729447,10.30967796,0.0
2019-11-22,26.53908358,68.56727983,10.40910512,0.0
2019-11-23,26.48283333,74.05216908,8.762509383,0.0
2019-11-24,27.59116704,72.26884433,8.106372629,0.0
2019-11-25,27.38283333,71.49684642,8.200701992,0.0
2019-11-26,27.13908333,69.85170742,8.769625583,0.0
2019-11-27,26.93283346,70.92811079,8.649343108,0.0
2019-11-28,26.41825013,70.66894158,8.269920621,0.0
2019-11-29,26.60366679,70.294286,8.169140913,0.0
2019-11-30,26.85783333,69.86811029,9.115788879,0.0
2019-01-12,27.262,66.50025121,9.009887204,0.0
2019-02-12,27.237,70.58625029,9.119147813,0.0
2019-03-12,27.71408346,72.19426717,8.305984813,0.0
2019-04-12,27.77241667,68.54877783,9.825667704,0.0
2019-05-12,28.13075025,65.31694342,9.037898229,0.0
2019-06-12,27.86408333,66.76959379,9.817096617,0.004166667
2019-07-12,27.68491667,74.48314992,8.440176446,0.1
2019-08-12,27.80158333,69.53027138,9.56992355,0.041666667
2019-09-12,27.65158333,60.912977,10.21680691,0.0
2019-10-12,26.25158333,62.94718867,10.01136153,0.0
2019-11-12,26.10991667,65.07520208,9.104588288,0.0
2019-12-12,26.84116679,69.92883742,8.600486896,0.0
2019-12-13,26.70158333,75.79980125,7.928496808,0.0
2019-12-14,26.23075,76.61027121,7.885968654,0.0
2019-12-15,25.40991667,76.21223725,8.009919708,0.0
2019-12-16,24.66616667,74.48479713,11.07388568,0.0
2019-12-17,24.40158333,63.72072133,13.04636223,0.0
2019-12-18,24.34741667,66.85689467,10.48387075,0.0
2019-12-19,25.05158333,71.29842908,10.79123415,0.0
2019-12-20,25.55575,71.45332713,11.03249048,0.0
2019-12-21,25.84116667,65.43210917,10.09395609,0.0
2019-12-22,25.59533333,66.34973067,10.18561805,0.0
2019-12-23,25.34325,72.25585388,8.079636892,0.0
2019-12-24,25.78908333,70.57790483,8.897235221,0.0
2019-12-25,26.78491667,64.20368037,9.005685608,0.0
2019-12-26,26.45575,73.76537871,6.536137308,0.0
2019-12-27,26.65783333,71.42796179,7.970978796,0.0
2019-12-28,26.612,71.58629283,11.27585987,0.0375
2019-12-29,25.32241667,62.82842967,11.96915656,0.0
2019-12-30,24.29533333,70.0407845,9.782551825,0.0
2019-12-31,25.07033333,64.69697533,11.18417974,0.0
2020-01-01,24.75991667,69.97111788,9.030456321,0.004166667
2020-02-01,23.562,74.61848925,10.12500813,0.0
2020-03-01,21.86408333,65.53351933,10.67336877,0.0
2020-04-01,21.26408333,77.10916279,7.779224504,0.0
2020-05-01,22.26825,76.52282979,8.806400413,0.0
2020-06-01,22.0745,70.41739917,13.96024746,0.0
2020-07-01,21.59116667,69.38090838,13.39582943,0.0
2020-08-01,23.80783333,61.66976371,12.27327837,0.0
2020-09-01,24.77866667,66.00104363,11.08671475,0.0
2020-10-01,23.99533333,78.91616654,9.353268004,0.0
2020-11-01,23.75158333,70.31982704,11.70944158,0.0
2020-12-01,22.60158333,59.36197137,14.06854791,0.0
2020-01-13,24.34116667,61.21747683,11.24538113,0.0
2020-01-14,25.6745,67.37513746,9.843613038,0.0
2020-01-15,24.77241667,76.63104563,8.040904596,0.0
2020-01-16,23.94741667,84.76906233,8.367417954,0.020833333
2020-01-17,23.02866667,73.66134304,12.9554507,0.004166667
2020-01-18,21.71616667,65.29525821,13.5432158,0.0
2020-01-19,20.04325,58.31147775,13.44966455,0.0
2020-01-20,19.70783333,59.24759075,15.02723529,0.0
2020-01-21,21.91824998,61.07515567,11.52596862,0.0
2020-01-22,23.17033333,66.36784725,10.45751466,0.0
2020-01-23,23.87033333,70.84260067,9.054497917,0.0
2020-01-24,23.6495,71.74666429,8.978214038,0.0
2020-01-25,24.84325,62.25421583,10.73020509,0.0
2020-01-26,25.68491667,64.85943017,13.26799148,0.0
2020-01-27,25.54325,63.35793638,10.88478228,0.0
2020-01-28,24.85783333,66.32773625,10.72396941,0.0
2020-01-29,24.83075,73.32685354,8.940379292,0.0
2020-01-30,23.54116667,77.70770642,8.775646425,0.0
2020-01-31,23.16616667,75.87537046,9.822308042,0.041666667
2020-01-02,21.04533333,60.76124221,13.16746365,0.0
2020-02-02,21.46825,58.67134075,11.56268195,0.0
2020-03-02,21.37241667,62.37197313,11.17896698,0.0
2020-04-02,22.54741667,64.69780817,11.65753958,0.0
2020-05-02,23.40575,74.17497371,6.874830563,0.0
2020-06-02,22.62241667,83.23988946,7.218718463,0.0
2020-07-02,23.237,61.88047333,11.84402293,0.0
2020-08-02,23.387,53.08685325,11.64420187,0.0
2020-09-02,22.43075,60.33245942,10.82428325,0.0
2020-10-02,21.47658333,63.30136667,12.41094157,0.0
2020-11-02,23.79533333,56.33865917,15.17425437,0.0
2020-12-02,24.81408333,53.17859708,15.67275848,0.0
2020-02-13,26.1995,57.5014625,13.61589492,0.0
2020-02-14,26.91616692,60.31083696,11.83168283,0.0
2020-02-15,28.31616667,55.3151835,11.58528765,0.0
2020-02-16,28.20575012,49.73629708,13.7779379,0.0
2020-02-17,27.10366679,45.00462675,14.47202743,0.0
2020-02-18,25.67241667,47.87377067,13.49981321,0.0
2020-02-19,25.26825,62.71380971,9.916056404,0.0
2020-02-20,26.67658371,59.45169117,8.980275042,0.0
2020-02-21,27.31408346,59.24492312,9.068318863,0.0
2020-02-22,25.6995,71.75562383,9.573304138,0.0
2020-02-23,25.32033333,74.69338658,10.59361117,0.0
2020-02-24,25.10158333,66.39552867,11.23189971,0.0
2020-02-25,26.18700012,54.60421512,11.87081669,0.0
2020-02-26,26.49950013,50.42985367,12.85649257,0.0
2020-02-27,25.9745,51.68870829,13.05751416,0.0
2020-02-28,27.37033346,34.80517371,16.74182496,0.0
2020-01-03,26.68908346,42.31177367,13.27105383,0.0
2020-02-03,26.52450025,47.70150646,10.86949841,0.0
2020-03-03,25.99950025,53.34288971,9.811346042,0.0
2020-04-03,25.25783333,65.11714146,11.08775923,0.0
2020-05-03,25.1495,71.96029521,12.55528552,0.0
2020-06-03,24.59116667,79.53681225,8.429724683,0.0
2020-07-03,24.57033333,78.41033417,8.531590438,0.004166667
2020-08-03,24.58491667,75.51751867,9.521361154,0.0
2020-09-03,24.72241667,73.84452479,9.903277758,0.0
2020-10-03,24.85366667,67.46545229,10.58401284,0.0
2020-11-03,23.72658333,66.34373321,10.78750397,0.0
2020-12-03,23.43075,68.97085325,10.17296232,0.0
2020-03-13,24.287,74.03407433,9.59302645,0.0
2020-03-14,24.7995,73.04149754,8.758268854,0.0
2020-03-15,24.52658333,66.70121992,10.91606054,0.0
2020-03-16,23.29325,71.91508971,12.05603876,0.0
2020-03-17,23.42033333,57.99197521,16.16637533,0.0
2020-03-18,25.02866667,43.66469029,15.52297315,0.0
2020-03-19,26.88491679,40.26891292,10.30706182,0.0
2020-03-20,27.32658346,47.873957,11.04905895,0.0
2020-03-21,27.57658358,54.36128021,11.04834388,0.0
2020-03-22,27.39116692,62.74972375,10.29750166,0.0
2020-03-23,26.137,67.51797313,10.42298635,0.0
2020-03-24,25.37658333,76.73742775,8.958419442,0.0
2020-03-25,25.45366667,78.81484742,10.79040096,0.0
2020-03-26,26.2245,77.50370217,12.76511217,0.0
2020-03-27,27.82658371,69.03262304,12.3118172,0.0
2020-03-28,28.68700025,64.93590854,10.76120973,0.0
2020-03-29,28.13283346,78.63788888,7.266803158,0.0
2020-03-30,28.26616667,76.6030535,8.873705367,0.0
2020-03-31,28.89325012,60.78842221,15.5901789,0.0
2020-01-04,28.73075013,57.910997,17.45847767,0.0
2020-02-04,28.87658358,53.77164846,14.91341504,0.0
2020-03-04,28.20366679,64.75783342,10.24281825,0.0
2020-04-04,27.48491679,70.30515588,12.51320515,0.0
2020-05-04,27.64116667,68.94298054,14.20797204,0.0
2020-06-04,28.59950063,63.45509538,13.40463629,0.0
2020-07-04,28.01200038,71.64876592,11.36884181,0.0
2020-08-04,27.71825025,73.68036367,10.78908316,0.0
2020-09-04,27.40575012,76.68373575,9.300735979,0.0
2020-10-04,27.59533333,80.38052404,9.900189808,0.0
2020-11-04,27.0995,78.21704675,8.271870146,0.0
2020-12-04,26.90991667,77.09593796,10.48807883,0.0
2020-04-13,27.0995,77.12897329,11.15750682,0.0
2020-04-14,27.99533333,75.65662571,10.81468227,0.0
2020-04-15,29.31825025,68.80884971,10.33201905,0.0
2020-04-16,29.00991717,77.96972567,8.713655375,0.0
2020-04-17,28.89741704,80.2568755,10.04902339,0.0
2020-04-18,29.8370005,74.56325683,9.572074929,0.0
2020-04-19,30.01825037,74.47428738,11.70413846,0.0
2020-04-20,29.18700025,80.38730646,11.01739496,0.0
2020-04-21,29.037,78.23033133,8.849697746,0.0
2020-04-22,29.63908346,76.04403992,8.657361838,0.0
2020-04-23,30.11825038,69.38372913,11.71426744,0.0
2020-04-24,31.05158383,58.75572833,13.42217664,0.0
2020-04-25,28.95366717,75.57712192,8.857419446,0.0
2020-04-26,29.18075,79.27963683,9.384239129,0.0
2020-04-27,29.28283383,76.39692375,10.58661645,0.0
2020-04-28,29.39533371,77.49047888,9.681298258,0.0
2020-04-29,28.95991704,75.44283558,9.847663708,0.0
2020-04-30,28.69741667,78.83068163,10.81937985,0.0
2020-01-05,28.79116679,74.52268267,9.77796645,0.004166667
2020-02-05,29.71408358,73.25112825,13.5183159,0.0
2020-03-05,30.12866704,77.49826117,9.943385179,0.0
2020-04-05,30.04741692,75.65278125,11.14121891,0.0
2020-05-05,29.81200013,77.00627704,11.2725682,0.004166667
2020-06-05,29.88700025,78.21871517,12.0604558,0.0
2020-07-05,29.56200013,78.90738317,11.32184734,0.0
2020-08-05,29.37450025,79.97827621,10.53041471,0.0
2020-09-05,29.72033383,79.871347,11.267594,0.0
2020-10-05,29.8370005,79.84158913,10.1770797,0.0
2020-11-05,29.23491692,80.43129508,9.616554133,0.0
2020-12-05,29.57658358,75.20769963,8.555788464,0.0
2020-05-13,29.48908371,77.76471629,9.847183961,0.0
2020-05-14,29.74116717,78.07680938,10.24658781,0.0
2020-05-15,29.79533333,75.97544313,10.40273467,0.0
2020-05-16,29.2682505,76.93235779,9.894592429,0.0
2020-05-17,29.93491692,77.28598179,10.43680434,0.0
2020-05-18,30.22450013,77.27530188,11.86601566,0.0
2020-05-19,30.52866704,74.30636667,13.45376678,0.0
2020-05-20,30.28075038,76.04442625,9.900142504,0.0
2020-05-21,30.31616704,73.59383054,12.78061543,0.0
2020-05-22,30.31200025,72.75033321,16.74199492,0.0
2020-05-23,29.84741692,71.98412575,12.03929833,0.004166667
2020-05-24,30.00575025,70.73043142,11.29279587,0.0
2020-05-25,29.92241704,72.0914065,10.62428305,0.0
2020-05-26,29.61408358,76.54932029,9.851950875,0.0
2020-05-27,30.00991729,76.21381025,12.44682193,0.0
2020-05-28,30.30366717,75.15819667,12.45686174,0.0
2020-05-29,30.17033371,76.91463008,10.71848605,0.008333333
2020-05-30,30.21408358,75.812406,11.12486934,0.0
2020-05-31,30.17033346,73.445699,12.95891038,0.008333333
2020-01-06,30.58491692,70.39905429,13.63267065,0.0
2020-02-06,30.60575063,73.07803133,11.56918073,0.0125
2020-03-06,30.49533358,74.62536975,11.08361768,0.016666667
2020-04-06,30.95575012,71.49173954,12.86488153,0.020833333
2020-05-06,29.02033333,78.03120071,6.167452192,0.345833333
2020-06-06,27.47658333,81.68500663,14.63872923,0.525
2020-07-06,27.21825,82.41223308,31.21136275,5.9125
2020-08-06,27.33075,87.68964658,14.73018363,0.458333333
2020-09-06,27.64325,86.08149375,17.47009158,0.35
2020-10-06,27.20991667,87.17341171,18.98296288,0.345833333
2020-11-06,27.28075,87.33865333,16.52433177,0.225
2020-12-06,27.16616667,87.96049162,12.35939343,0.295833333
2020-06-13,27.75158333,88.59968642,11.15885434,0.204166667
2020-06-14,27.84116667,89.49238867,9.492717188,0.475
2020-06-15,27.61825,89.16608338,10.29332695,0.254166667
2020-06-16,27.70366667,88.1773965,8.185177171,0.3375
2020-06-17,27.40158333,89.15981671,9.448774363,0.333333333
2020-06-18,27.93491667,88.38202896,11.08895996,0.258333333
2020-06-19,27.687,89.46416871,9.378213704,0.933333333
2020-06-20,27.26825,88.91498792,12.47862565,0.991666667
2020-06-21,26.98908333,90.25900213,17.23088742,1.129166667
2020-06-22,27.187,90.42510492,20.09528744,0.916666667
2020-06-23,27.71408333,90.20078104,16.82950906,0.195833333
2020-06-24,27.66408333,89.80699854,14.85474233,0.233333333
2020-06-25,27.21616667,91.41483525,15.26547004,0.4125
2020-06-26,27.32033333,89.178455,17.06638748,0.266666667
2020-06-27,27.40991667,87.06446196,22.32902704,0.1875
2020-06-28,27.87241667,86.16741838,16.18696621,0.295833333
2020-06-29,28.32241667,85.41421196,11.18455225,0.254166667
2020-06-30,28.17033333,86.96202917,7.808994571,0.45
2020-01-07,28.312,85.68626596,10.17325324,0.383333333
2020-02-07,28.22241667,86.19217642,10.0250387,0.6875
2020-03-07,27.337,89.35031121,7.103754296,0.9375
2020-04-07,27.39116667,88.69048379,13.98748813,0.354166667
2020-05-07,27.14116667,89.86063329,16.86936125,0.5
2020-06-07,27.4245,88.3996855,14.87225467,0.991666667
2020-07-07,27.25991667,89.40898221,14.96864588,1.608333333
2020-08-07,26.91408333,91.92800646,22.44019554,7.7625
2020-09-07,27.06408333,90.42668625,23.23557192,1.466666667
2020-10-07,27.48283333,87.629379,29.89213287,1.3875
2020-11-07,27.17658333,90.84274225,23.29502729,1.4375
2020-12-07,27.10158333,91.10736946,18.36747533,0.95
2020-07-13,27.0745,91.14452046,17.42797929,0.4625
2020-07-14,26.98908333,90.01297821,18.44832533,0.55
2020-07-15,26.88283333,90.50486858,17.36452208,0.575
2020-07-16,26.81408333,90.59643063,14.91989379,0.741666667
2020-07-17,26.7245,91.14755925,12.74024569,1.716666667
2020-07-18,26.887,90.88882829,10.7696187,1.358333333
2020-07-19,26.43491667,92.09745404,13.55611888,2.208333333
2020-07-20,26.32866667,92.16654408,20.0061975,1.595833333
2020-07-21,26.737,90.63712813,22.56523083,0.766666667
2020-07-22,26.82241667,91.83329208,19.8415835,0.4125
2020-07-23,27.41616667,89.09933008,10.94965634,0.2625
2020-07-24,27.19325,90.74314892,11.81346721,0.266666667
2020-07-25,27.19533333,88.43064371,11.45329637,0.145833333
2020-07-26,27.74116667,88.19328104,8.237220842,0.183333333
2020-07-27,27.44533333,89.10048421,6.434145725,0.395833333
2020-07-28,26.95158333,90.00365546,7.094279504,0.529166667
2020-07-29,27.01825,88.74140538,11.08391033,0.329166667
2020-07-30,27.05366667,86.97512154,13.3428839,0.679166667
2020-07-31,26.80783333,90.10878967,10.54085625,0.729166667
2020-01-08,27.15158333,88.41161283,8.802286371,0.5
2020-02-08,26.96408333,90.29214563,7.845297579,1.0
2020-03-08,26.70366667,91.47877008,8.257859342,4.483333333
2020-04-08,27.34533333,88.90245721,10.58675018,0.291666667
2020-05-08,27.66408333,87.52785863,14.89530054,0.1
2020-06-08,27.73283333,85.91028083,18.37950188,0.195833333
2020-07-08,26.912,90.37847333,23.52493746,2.066666667
2020-08-08,26.77866667,90.5565525,30.1849535,6.245833333
2020-09-08,26.8745,91.49870958,28.14273425,6.9875
2020-10-08,27.24741667,88.26638375,30.15384038,0.9125
2020-11-08,27.05575,89.40120829,24.53577725,0.504166667
2020-12-08,27.39325,86.10015083,22.58019929,0.358333333
2020-08-13,27.25575,86.23318317,18.05896358,0.241666667
2020-08-14,26.30366667,91.59338113,15.58277837,0.75
2020-08-15,26.27658333,91.62355213,17.26982208,1.2
2020-08-16,26.45991667,90.25377983,20.90413721,1.1375
2020-08-17,26.25158333,91.06794717,21.64739975,1.445833333
2020-08-18,25.86408333,91.56987588,22.94651846,2.133333333
2020-08-19,26.05783333,92.34944508,21.27186458,1.95
2020-08-20,26.22658333,90.94411171,20.3737315,1.7
2020-08-21,25.9995,91.19002917,18.68143004,1.15
2020-08-22,26.04741667,91.96470983,18.21557238,0.704166667
2020-08-23,26.62658333,89.91739654,18.58397117,0.454166667
2020-08-24,26.09325,91.99119979,17.31241056,1.883333333
2020-08-25,26.2995,91.80288563,20.0506845,1.5125
2020-08-26,26.50991667,90.72681321,19.70855908,0.479166667
2020-08-27,26.76408333,88.33964729,22.44224083,0.329166667
2020-08-28,27.12241667,86.11198408,21.07971979,0.295833333
2020-08-29,27.06825,86.3794775,16.95109096,0.145833333
2020-08-30,26.90158333,86.74408742,14.47766606,0.233333333
2020-08-31,26.19533333,91.28479796,12.54768295,0.429166667
2020-01-09,25.92241667,92.22546312,15.70890508,1.3
2020-02-09,25.64325,92.60538625,16.45066917,1.445833333
2020-03-09,25.94533333,91.51149708,19.30030125,0.9875
2020-04-09,26.26825,90.36191583,14.98307839,0.4125
2020-05-09,26.45575,90.37652371,7.399741567,0.1375
2020-06-09,27.19533333,87.66534204,7.986927938,0.0625
2020-07-09,27.52033333,87.73197663,7.937123433,0.0375
2020-08-09,28.13283333,87.65434917,6.760864754,0.1625
2020-09-09,28.46825,89.08138871,6.827515003,0.0
2020-10-09,28.24116667,90.23729292,5.788315321,0.420833333
2020-11-09,27.20783333,88.39126217,7.710127846,0.3875
2020-12-09,27.37241667,89.97500554,7.171225221,0.241666667
2020-09-13,28.11408333,88.63202771,7.051818162,0.220833333
2020-09-14,27.54116667,88.81636296,6.742400692,0.245833333
2020-09-15,27.16825,91.07442463,7.08208525,1.104166667
2020-09-16,26.97033333,85.88088817,22.64315913,0.279166667
2020-09-17,27.25575,84.23368367,14.78689756,0.233333333
2020-09-18,26.63283333,90.34994083,9.054607704,0.341666667
2020-09-19,26.512,89.74964708,6.770267042,0.404166667
2020-09-20,26.69533333,89.92893288,5.5148456,0.345833333
2020-09-21,26.83283333,88.80840208,6.307754292,0.625
2020-09-22,26.587,85.68584529,5.475958654,0.279166667
2020-09-23,27.32241667,88.46802025,5.549192246,0.2
2020-09-24,27.26408333,90.28799758,6.225365742,0.179166667
2020-09-25,27.50366667,91.68617979,6.662158504,0.825
2020-09-26,26.912,91.22690863,8.657794117,1.908333333
2020-09-27,26.28908333,93.16212504,13.41999816,5.0875
2020-09-28,27.02033333,89.34604863,8.665545525,0.229166667
2020-09-29,26.82866667,87.51512304,8.700659967,0.2625
2020-09-30,27.02866667,81.86796712,9.561325671,0.091666667
2020-01-10,26.4745,87.43093142,6.189072067,0.104166667
2020-02-10,26.6245,86.91825267,4.853219066,0.116666667
2020-03-10,26.65158333,87.99785892,6.045322404,0.020833333
2020-04-10,26.862,84.39026804,6.680037513,0.070833333
2020-05-10,27.20783333,84.40736971,7.309649463,0.041666667
2020-06-10,27.35575,87.447551,6.476078683,0.0625
2020-07-10,27.36616667,89.60892329,6.21325635,0.116666667
2020-08-10,26.65158333,88.78858871,5.641033687,0.429166667
2020-09-10,26.73908333,89.46725396,6.114691999,0.041666667
2020-10-10,27.37866667,87.90883396,7.483488175,0.029166667
2020-11-10,28.25366667,87.83217617,7.9664483,0.029166667
2020-12-10,28.40366667,84.96477208,6.861320363,0.0
2020-10-13,29.09325,79.55380858,7.293253521,0.0375
2020-10-14,28.45991667,88.94627371,7.084641887,0.304166667
2020-10-15,27.59325,89.89208671,6.075778825,0.179166667
2020-10-16,28.10366667,87.64224229,5.206218929,0.075
2020-10-17,28.16616667,89.85025063,4.623378008,0.208333333
2020-10-18,27.99741667,91.367743,4.776146979,0.866666667
2020-10-19,27.9995,85.76769492,11.22768436,0.6
2020-10-20,27.99533333,77.64440717,16.605135,0.0125
2020-10-21,27.68491667,81.22295504,16.28333627,0.045833333
2020-10-22,27.24116667,86.43962075,8.109155392,0.058333333
2020-10-23,27.08075,89.07536892,5.804576679,0.158333333
2020-10-24,27.47033333,89.48036767,6.253749504,0.2
2020-10-25,27.23283333,87.98368975,6.778037408,0.504166667
2020-10-26,26.77658333,89.87561687,7.4316396,0.508333333
2020-10-27,27.66616667,87.83952892,5.402113895,0.058333333
2020-10-28,26.93908333,90.62374804,6.324293921,0.095833333
2020-10-29,27.39741667,89.47733496,6.335693633,0.1625
2020-10-30,27.66408333,83.37125821,6.731982958,0.0
2020-10-31,27.412,72.97274838,8.418591542,0.0
2020-01-11,27.55783333,80.7286885,6.477566583,0.0
2020-02-11,26.70575,81.600359,7.214947125,0.0
2020-03-11,26.82241667,77.43709929,8.058241213,0.0
2020-04-11,26.42033333,72.64649975,7.565680467,0.0
2020-05-11,27.02866667,77.56229304,7.11333915,0.0
2020-06-11,27.79741667,71.58319163,6.924124375,0.0
2020-07-11,27.99741679,68.19721738,8.535773242,0.0
2020-08-11,27.07033346,69.22677567,8.299560358,0.0
2020-09-11,27.17658358,59.8386835,9.422256296,0.0
2020-10-11,26.65158358,58.81875296,10.67517731,0.0
2020-11-11,26.98075013,55.51832333,10.79278097,0.0
2020-12-11,27.7245005,56.69410392,9.448957013,0.0
2020-11-13,26.20158346,63.12249958,8.174998008,0.0
2020-11-14,25.67658333,56.58094604,9.29738215,0.0
2020-11-15,25.58075012,51.27704867,10.50683643,0.0
2020-11-16,25.20575,54.99296504,10.53900514,0.0
2020-11-17,26.86408346,62.23691917,10.7406046,0.0
2020-11-18,28.02241692,69.48144667,9.8166989,0.0
2020-11-19,28.09325,68.92955421,9.651397488,0.0
2020-11-20,28.38075025,64.03531963,10.26316594,0.0
2020-11-21,28.60158358,63.50606712,10.57840592,0.0
2020-11-22,27.73908333,71.19828646,7.744136642,0.004166667
2020-11-23,27.93908358,62.36291354,11.34657361,0.0
2020-11-24,27.20158333,62.22564638,10.48958282,0.0
2020-11-25,26.27658333,66.78480683,9.580039833,0.0
2020-11-26,25.70158333,74.77011267,8.198941263,0.0
2020-11-27,25.86825,69.73879529,9.323118425,0.0
2020-11-28,26.09741667,67.94344321,8.510513508,0.0
2020-11-29,26.35366667,68.42898533,8.180843071,0.0
2020-11-30,26.66408333,57.33727138,12.95620449,0.0
2020-01-12,27.80366692,41.97172113,14.44416029,0.0
2020-02-12,27.4495,54.967873,9.942664646,0.0
2020-03-12,26.962,67.26636113,9.248486742,0.0
2020-04-12,27.48700012,65.10095433,9.033736042,0.0
2020-05-12,28.04533333,65.84130775,9.505278971,0.0
2020-06-12,27.27033346,63.33586275,11.0359274,0.0
2020-07-12,26.31616679,65.55013758,9.133598908,0.0
2020-08-12,25.55783358,64.00630242,8.165421571,0.0
2020-09-12,25.63283346,58.96418708,8.214016163,0.0
2020-10-12,25.72241679,51.06779996,9.244706279,0.0
2020-11-12,26.14325025,48.23411463,9.930378671,0.0
2020-12-12,26.27450013,53.21794983,10.34432245,0.0
2020-12-13,27.08075012,59.96811208,8.0186294,0.0
2020-12-14,27.50575,64.99456642,9.195467279,0.0
2020-12-15,25.55783333,74.39613888,7.795271346,0.041666667
2020-12-16,25.65991667,76.46892388,8.288827875,0.054166667
2020-12-17,25.1495,75.72420942,9.067135475,0.0375
2020-12-18,24.08075,86.0004475,8.184600288,0.9
2020-12-19,24.86408333,79.63239779,13.36179102,0.0
2020-12-20,25.15783333,78.23399913,12.21580048,0.0
2020-12-21,25.26825,76.65530183,10.99332208,0.0
2020-12-22,24.98075,74.97745,9.3670605,0.0
2020-12-23,25.63491667,61.53582088,12.04817378,0.0
2020-12-24,24.67658333,59.86136813,10.85392873,0.0
2020-12-25,23.99533333,54.476149,9.734234992,0.0
2020-12-26,23.68075,56.57570438,8.636295221,0.0
2020-12-27,23.14533333,63.15242267,8.328740746,0.0
2020-12-28,23.85575,61.78182463,9.768603,0.0
2020-12-29,25.40366679,59.55528667,8.965268038,0.0
2020-12-30,25.15991667,66.851663,8.394161604,0.0
2020-12-31,24.912,61.52152758,13.97744595,0.0
2021-01-01,22.737,51.47553458,14.31710929,0.0
2021-02-01,22.41616667,61.87153246,10.67979834,0.0
2021-03-01,23.09741667,68.51546525,10.89469985,0.0
2021-04-01,25.10366679,65.98260279,10.5546899,0.0
2021-05-01,25.72866667,71.20040458,8.120075671,0.0
2021-06-01,25.062,72.58265058,9.390787138,0.0
2021-07-01,24.2995,68.59511608,9.627176613,0.0
2021-08-01,24.1245,67.97698042,9.223086917,0.016666667
2021-09-01,24.28908333,65.04065958,13.22239816,0.0
2021-10-01,24.6995,63.41427679,13.91010004,0.0
2021-11-01,25.44116667,74.39937158,7.340644354,0.058333333
2021-12-01,25.44533333,83.93380021,8.594784275,0.075
2021-01-13,26.23491667,77.53568142,8.975516704,0.0
2021-01-14,27.06408333,75.37012746,7.690377279,0.0
2021-01-15,27.14116667,72.45653658,9.447599024,0.0
2021-01-16,27.59325012,65.56907433,12.42745598,0.0
2021-01-17,26.37241679,64.10057221,11.20404535,0.0
2021-01-18,24.90991667,71.62456425,11.14492272,0.0
2021-01-19,23.23491667,75.56975088,9.770648754,0.0
2021-01-20,23.29325,74.31096529,8.672474429,0.0
2021-01-21,23.637,77.56402496,8.390739754,0.0
2021-01-22,24.51408333,69.60307579,11.2515578,0.0
2021-01-23,25.29116667,58.93862283,12.21131154,0.0
2021-01-24,24.47033333,57.34494333,11.71301664,0.0
2021-01-25,22.93908333,69.78023646,10.06927399,0.0
2021-01-26,23.50991667,74.61821021,9.81292755,0.0
2021-01-27,24.29325,65.25946908,12.12656323,0.0
2021-01-28,23.512,62.79601046,11.86147165,0.0
2021-01-29,22.78908333,64.61480792,11.28868386,0.0
2021-01-30,21.87866667,70.48255867,10.82669553,0.0
2021-01-31,21.61825,71.53877204,9.802296763,0.0
2021-01-02,21.91825,68.07577154,11.33286435,0.0
2021-02-02,22.65783333,64.05600454,9.8422302,0.0
2021-03-02,23.19533333,64.17401792,10.70888351,0.0
2021-04-02,24.19533333,57.53229658,10.76762065,0.0
2021-05-02,26.09325,52.67324313,11.8936086,0.0
2021-06-02,26.40783358,46.62941475,10.9540735,0.0
2021-07-02,24.72033333,56.83967446,9.239232663,0.0
2021-08-02,24.40991667,59.95357363,11.91260823,0.0
2021-09-02,24.487,48.57914675,14.50636773,0.0
2021-10-02,25.2995,43.81746854,13.96382504,0.0
2021-11-02,25.55575013,39.65749083,13.58151233,0.0
2021-12-02,24.80158371,43.63577488,11.9698219,0.0
2021-02-13,24.27658346,49.48517654,10.89285171,0.0
2021-02-14,23.97866667,56.51606163,9.503004771,0.0
2021-02-15,24.98283346,54.1163465,9.711349575,0.0
2021-02-16,24.39325,65.98801121,11.43325217,0.0
2021-02-17,24.36825,66.36875587,11.97073608,0.0
2021-02-18,24.57866667,68.92467033,12.00144425,0.0
2021-02-19,24.1995,75.17090971,13.12802816,0.0
2021-02-20,23.70991667,78.7192675,12.31699881,0.0
2021-02-21,24.24116667,72.4867315,12.19500976,0.004166667
2021-02-22,25.66616667,66.70967225,7.751942942,0.0375
2021-02-23,25.59741679,60.92733975,10.28152219,0.004166667
2021-02-24,25.94533333,50.34694421,11.75325222,0.0
2021-02-25,27.30575038,47.03816233,12.34601323,0.0
2021-02-26,26.84950038,60.44798088,10.13081913,0.0
2021-02-27,27.02241667,58.28538317,8.682352638,0.0
2021-02-28,27.24116679,60.36534875,9.047248929,0.0
2021-01-03,27.32450013,55.14563404,13.7895219,0.0
2021-02-03,26.07241667,69.80903738,12.22529032,0.0
2021-03-03,26.53075,65.87118758,12.89400819,0.0
2021-04-03,27.9995005,51.79392021,12.68698215,0.0
2021-05-03,28.50366704,48.36281275,13.60191735,0.0
2021-06-03,28.20991692,41.52079258,13.32514328,0.0
2021-07-03,28.42241692,40.62542017,11.41299435,0.0
2021-08-03,29.28283383,34.03101596,12.8230066,0.0
2021-09-03,27.82866717,55.06969533,10.74917329,0.0
2021-10-03,26.25366667,78.68768846,9.076371246,0.0
2021-11-03,26.36200012,63.61335904,11.21951113,0.0
2021-12-03,26.67033333,65.05425838,12.33964863,0.0
2021-03-13,28.0682505,55.078926,13.24729475,0.0
2021-03-14,27.30575025,64.34319254,11.42873695,0.0
2021-03-15,26.39116667,71.43323692,12.05238222,0.0
2021-03-16,27.28283346,58.12455975,13.80057063,0.0
2021-03-17,28.87241754,46.97394225,13.1122341,0.0
2021-03-18,28.78908371,46.42880092,12.18954482,0.0
2021-03-19,28.92033358,48.71047658,13.60439077,0.0
2021-03-20,28.48491704,54.54314308,13.2819336,0.0
2021-03-21,29.08908383,50.44830004,12.55112305,0.0
2021-03-22,27.91200025,61.85751933,11.30514085,0.0
2021-03-23,26.98491679,68.61096646,12.63354926,0.0
2021-03-24,26.48908333,75.15005388,9.525256117,0.0
2021-03-25,27.19741679,74.42236392,7.963357725,0.0
2021-03-26,28.04950037,63.92147146,10.00240535,0.0
2021-03-27,28.86408346,50.64143146,11.8265298,0.0
2021-03-28,29.91408408,45.44042288,11.38665035,0.0
2021-03-29,31.07033396,29.83078713,14.44605477,0.0
2021-03-30,30.63283383,31.39088458,13.77031244,0.0
2021-03-31,30.57658358,36.38460588,12.35308205,0.0
2021-01-04,28.2620005,66.53622617,9.215685908,0.0
2021-02-04,27.65783358,78.26212429,10.49747876,0.0
2021-03-04,26.94325,78.27917983,8.502277183,0.0
2021-04-04,26.95783333,80.96611525,8.96164675,0.0
2021-05-04,27.39325,77.4096835,8.887937292,0.0
2021-06-04,27.27241667,74.75475067,8.437884838,0.004166667
2021-07-04,27.27658333,74.95815929,9.230860021,0.0
2021-08-04,27.31408333,77.81247358,9.165558021,0.0
2021-09-04,27.7245,77.63689033,11.64040413,0.0
2021-10-04,28.49950038,65.94361154,12.90917309,0.0
2021-11-04,28.53283358,72.07473013,10.99805888,0.0
2021-12-04,28.1245,79.40656246,8.654077283,0.0
2021-04-13,28.1245,76.93957542,10.0423226,0.0
2021-04-14,28.33283333,76.58395808,8.173851108,0.0
2021-04-15,28.92658371,75.15590021,8.773430258,0.0
2021-04-16,29.37241679,73.26302296,9.798636429,0.0
2021-04-17,30.32241704,65.22536413,9.538689532,0.0
2021-04-18,29.95158383,70.54546675,6.805302425,0.0
2021-04-19,28.83491717,75.80953029,8.720749983,0.0
2021-04-20,28.20991692,76.68263317,10.91829626,0.0
2021-04-21,28.69116704,78.74262888,11.65812748,0.0
2021-04-22,29.56200025,75.56086946,10.37520944,0.0
2021-04-23,28.99950025,78.47188917,10.39761804,0.0
2021-04-24,28.60366667,77.41850371,8.640255963,0.0
2021-04-25,28.39116679,77.51834629,9.692240721,0.0
2021-04-26,28.31408333,77.61474837,12.22066051,0.0
2021-04-27,28.20575,72.26405296,10.84684368,0.0
2021-04-28,28.00158358,76.87427813,11.03491251,0.0
2021-04-29,29.72450025,77.38272779,12.04397707,0.0
2021-04-30,30.01825025,79.480772,8.207941388,0.0
2021-01-05,29.90158358,74.32844408,8.258103454,0.0
2021-02-05,29.80575038,76.57009596,9.607613246,0.0
2021-03-05,29.65575013,78.52784575,9.786762433,0.0
2021-04-05,29.55158383,77.41073471,9.01232095,0.0
2021-05-05,30.36408358,73.78218292,10.87575906,0.0
2021-06-05,30.14325,78.64844046,8.596017233,0.0
2021-07-05,30.24741704,74.9752835,9.200323921,0.0
2021-08-05,30.34533358,71.27711563,9.700582317,0.0
2021-09-05,29.97866717,76.80612225,10.90123977,0.0
2021-10-05,29.86616679,79.28827708,8.972296171,0.0
2021-11-05,29.79950037,78.0580395,9.587661733,0.0
2021-12-05,30.0932505,78.00445025,9.325933686,0.0
2021-05-13,30.04325038,75.22563213,8.8820736,0.0
2021-05-14,29.67033383,73.83164983,9.224401017,0.0
2021-05-15,29.69533371,72.30256283,11.55698288,0.0
2021-05-16,29.70366692,67.4405695,10.87485702,0.0
2021-05-17,29.22033346,69.06102538,9.460583875,0.0
2021-05-18,29.82033371,71.34653321,12.17160159,0.0
2021-05-19,32.17658421,59.06842225,18.26864258,0.0
2021-05-20,30.16200025,68.07540533,20.21454146,0.595833333
2021-05-21,27.02033333,88.54752583,47.44779933,8.316666667
2021-05-22,27.30783333,89.09181354,30.85332563,0.8125
2021-05-23,27.70991667,87.41586888,14.04802249,0.479166667
2021-05-24,28.41616667,82.48700679,8.008716129,0.033333333
2021-05-25,28.77033333,80.18226013,7.245555833,0.0125
2021-05-26,28.88491667,78.39088254,7.302679804,0.054166667
2021-05-27,28.8745,79.67538017,8.354527121,0.070833333
2021-05-28,28.94533333,81.41839208,12.61696233,0.075
2021-05-29,29.24533333,76.64829483,14.73861121,0.0625
2021-05-30,29.53283333,68.83637567,15.03132092,0.0
2021-05-31,29.63908333,74.25676862,16.13207988,0.2125
2021-01-06,29.08908333,80.51734642,10.80349255,0.166666667
2021-02-06,29.08491667,81.72257721,9.610611192,0.104166667
2021-03-06,28.937,83.00229746,10.48372763,0.133333333
2021-04-06,28.61408333,84.96701163,12.34637223,0.1875
2021-05-06,28.29116667,86.49338692,11.21409189,0.270833333
2021-06-06,28.387,86.00259338,7.757311508,0.45
2021-07-06,28.87658333,84.27778788,7.256909971,0.083333333
2021-08-06,28.72241667,83.64599579,8.666072354,0.241666667
2021-09-06,27.312,86.94280671,8.24368525,0.420833333
2021-10-06,27.55158333,83.85976663,9.658853817,0.358333333
2021-11-06,27.52866667,87.45684142,11.74629283,0.645833333
2021-12-06,27.07658333,90.33839383,10.76190355,1.141666667
2021-06-13,27.04325,90.18132421,12.76841715,0.9125
2021-06-14,27.43283333,87.03114479,16.24259006,0.741666667
2021-06-15,27.00991667,89.62630775,16.9139391,0.875
2021-06-16,27.09741667,90.29684038,12.57572485,0.625
2021-06-17,27.52866667,88.924788,14.07210914,0.358333333
2021-06-18,27.40991667,90.11009129,14.48531865,0.229166667
2021-06-19,26.94116667,88.64700121,17.34087375,0.4
2021-06-20,26.62658333,91.19090813,17.38625392,0.65
2021-06-21,26.262,90.36964217,20.24329008,0.7375
2021-06-22,26.21408333,89.81515021,20.15290267,0.641666667
2021-06-23,26.01616667,90.52077208,18.99249358,0.766666667
2021-06-24,26.837,87.42393313,16.30546625,0.429166667
2021-06-25,27.70158333,83.96394667,12.76750892,0.204166667
2021-06-26,27.49116667,87.29081671,10.30392338,0.2
2021-06-27,27.20158333,89.20852329,10.89102969,0.229166667
2021-06-28,26.36825,90.65019092,13.53236263,0.5625
2021-06-29,26.17866667,91.88167004,11.49289473,1.420833333
2021-06-30,27.95783333,80.29700442,12.52348238,0.029166667
2021-01-07,27.16825,86.52129371,7.157072746,0.629166667
2021-02-07,26.22033333,90.0194985,5.548588029,0.5875
2021-03-07,27.69741667,87.09086904,9.874043558,0.154166667
2021-04-07,27.82241667,87.39915883,12.04353258,0.154166667
2021-05-07,28.45158333,79.60433754,17.45097554,0.1125
2021-06-07,28.15783333,81.95918333,17.8076779,0.0875
2021-07-07,28.012,85.16571883,13.46567483,0.104166667
2021-08-07,27.88283333,86.32246092,8.514155138,0.0625
2021-09-07,27.80783333,86.6541845,6.434408958,0.066666667
2021-10-07,28.01616667,86.30845646,5.896498436,0.020833333
2021-11-07,28.52033333,82.95756175,9.42793405,0.116666667
2021-12-07,27.54325,88.83534163,9.700245113,0.366666667
2021-07-13,27.50575,86.07376142,8.025868954,0.208333333
2021-07-14,26.40575,92.14534296,7.587442496,3.6875
2021-07-15,27.20783333,88.82889079,7.923284046,0.4875
2021-07-16,27.05783333,90.335761,22.39039415,1.958333333
2021-07-17,26.68491667,90.89662229,17.54290508,1.329166667
2021-07-18,26.39116667,91.51186525,16.02310965,1.5375
2021-07-19,26.94325,88.58272363,14.09824258,0.8625
2021-07-20,26.737,90.63264921,18.59220383,1.275
2021-07-21,27.00158333,89.54727408,14.78657613,1.854166667
2021-07-22,26.96616667,90.30182117,17.97916029,1.404166667
2021-07-23,26.44325,91.67527667,18.04621125,2.066666667
2021-07-24,26.412,90.79620412,20.4721985,1.4375
2021-07-25,26.92241667,88.16564179,28.18131725,1.2125
2021-07-26,26.56825,89.04651762,23.80410917,0.808333333
2021-07-27,26.02866667,90.35733825,20.72459192,1.2125
2021-07-28,26.65366667,88.87837242,17.0670365,0.504166667
2021-07-29,26.50991667,90.23547675,18.93484104,0.6875
2021-07-30,26.75575,87.78967729,22.81123446,0.420833333
2021-07-31,27.09116667,84.38749725,23.58627808,0.3375
2021-01-08,27.29533333,82.90920546,24.94983579,0.5
2021-02-08,27.11616667,85.42984058,24.88326213,0.6625
2021-03-08,27.43491667,82.47636617,24.90569383,0.15
2021-04-08,27.42033333,81.36931579,26.58065608,0.1125
2021-05-08,27.08908333,80.7846295,25.49082229,0.1375
2021-06-08,26.64741667,85.78366883,21.57227925,0.216666667
2021-07-08,26.37866667,89.12196754,20.39440154,0.416666667
2021-08-08,26.65158333,87.74444754,21.41438683,0.245833333
2021-09-08,27.03283333,86.21519612,19.08532929,0.2
2021-10-08,26.94116667,85.74750317,16.77255602,0.179166667
2021-11-08,26.62866667,88.7149,11.68383017,0.158333333
2021-12-08,26.65991667,88.81936121,9.855826458,0.141666667
2021-08-13,26.90991667,87.44519075,10.84167167,0.15
2021-08-14,26.54116667,88.23061517,12.36389778,0.225
2021-08-15,26.60366667,87.21254788,12.15575338,0.175
2021-08-16,26.86408333,85.88345833,13.27103373,0.166666667
2021-08-17,26.68908333,85.65003638,14.04815017,0.170833333
2021-08-18,25.8995,89.8516855,14.05727804,0.429166667
2021-08-19,26.09325,90.2255805,10.29533082,0.2375
2021-08-20,26.46825,88.11583688,7.953125779,0.125
2021-08-21,25.92241667,91.42490125,6.362987904,0.691666667
2021-08-22,25.67658333,93.00054058,7.867159838,0.8625
2021-08-23,25.50575,92.53696958,10.6599613,1.3625
2021-08-24,25.90575,88.22767704,10.96615415,1.354166667
2021-08-25,25.44741667,92.74680042,13.45794094,2.7125
2021-08-26,26.19533333,89.6947665,9.081699838,0.141666667
2021-08-27,26.70575,87.96829413,9.423739942,0.066666667
2021-08-28,26.92658333,89.20270421,8.420246967,0.0625
2021-08-29,26.87658333,87.06837067,9.770371654,0.066666667
2021-08-30,26.62658333,88.54029313,11.53983351,0.154166667
2021-08-31,26.562,88.78532308,8.332268512,0.075
2021-01-09,26.56825,87.45338629,7.647242817,0.0375
2021-02-09,27.02241667,85.56457775,6.906633667,0.033333333
2021-03-09,26.50783333,89.12698117,9.225347717,0.575
2021-04-09,25.96408333,90.86594,11.54538573,1.958333333
2021-05-09,26.362,90.45639312,16.46708933,0.570833333
2021-06-09,26.612,89.01656604,18.06666381,0.279166667
2021-07-09,26.15366667,91.19346504,13.47867173,0.616666667
2021-08-09,26.44533333,91.02299138,10.84970004,0.720833333
2021-09-09,26.2245,90.8571095,9.0643528,0.366666667
2021-10-09,26.65158333,89.03106117,10.66537928,0.454166667
2021-11-09,26.10575,92.71154925,6.401502604,4.895833333
2021-12-09,26.66616667,88.60884717,26.08338704,2.379166667
2021-09-13,26.80991667,88.57079679,22.98066704,0.333333333
2021-09-14,26.73908333,88.47195504,20.57407413,0.404166667
2021-09-15,26.40575,91.72537821,20.52572646,3.0
2021-09-16,26.62866667,89.94498392,16.8023804,1.15
2021-09-17,26.61825,89.74610613,21.79681058,1.116666667
2021-09-18,26.98908333,84.95376075,20.83473242,0.2
2021-09-19,26.54741667,86.84251758,20.88112692,0.320833333
2021-09-20,26.81616667,84.79351863,17.6906485,0.104166667
2021-09-21,26.82241667,83.98990404,15.18832052,0.125
2021-09-22,26.32658333,90.01856308,13.43853181,0.179166667
2021-09-23,26.33491667,91.19125113,10.66439113,0.366666667
2021-09-24,26.59533333,90.14379742,9.579111279,0.520833333
2021-09-25,26.05366667,91.49472296,11.16102079,0.841666667
2021-09-26,25.92866667,92.0904245,9.055459646,0.529166667
2021-09-27,26.42658333,90.39832004,7.322573742,0.241666667
2021-09-28,26.70158333,86.78435529,8.411229458,0.070833333
2021-09-29,26.662,85.82502021,7.918539104,0.095833333
2021-09-30,26.712,84.77314175,6.485357229,0.116666667
2021-01-10,25.837,90.26989017,5.542269738,0.208333333
2021-02-10,26.05366667,90.27830175,13.81866005,1.208333333
2021-03-10,26.30575,90.07828542,22.53685192,0.725
2021-04-10,26.60366667,89.63088463,16.46211535,0.1125
2021-05-10,27.14741667,88.91347579,7.074320858,0.004166667
2021-06-10,27.10575,89.28676879,7.872653113,0.033333333
2021-07-10,27.8495,88.76486642,8.462351646,0.008333333
2021-08-10,28.12241667,88.23821504,9.237420887,0.0125
2021-09-10,28.2745,87.7094685,9.933284054,0.025
2021-10-10,28.26616667,88.74430679,6.297465163,0.308333333
2021-11-10,28.40366667,85.96149217,7.568242683,0.175
2021-12-10,27.27866667,88.24959358,8.626327267,0.208333333
2021-10-13,27.25783333,88.09101538,7.189768546,0.2875
2021-10-14,27.16408333,87.56269742,5.5401316,0.1875
2021-10-15,26.96408333,89.18639129,5.700830083,0.608333333
2021-10-16,27.9245,87.26801325,6.337988967,0.029166667
2021-10-17,28.18491667,86.06748792,5.650735396,0.066666667
2021-10-18,28.587,76.45850017,9.287645425,0.029166667
2021-10-19,28.21408358,68.85570654,9.774849575,0.0
2021-10-20,27.68491667,70.507008,10.29177314,0.0
2021-10-21,27.762,75.63144442,9.776063063,0.0
2021-10-22,27.887,79.73861271,12.07149424,0.054166667
2021-10-23,26.5495,83.24653696,7.083964488,0.0125
2021-10-24,26.40366667,83.71957746,10.21197893,0.0
2021-10-25,27.04533333,77.71928521,9.518228808,0.0
2021-10-26,27.20783346,74.56953271,9.535706096,0.0
2021-10-27,26.65783333,78.22808042,10.81491951,0.0
2021-10-28,26.1995,80.01820538,9.4838593,0.0
2021-10-29,26.11408333,78.86590783,11.13516005,0.0
2021-10-30,27.17241667,72.5725195,9.663728733,0.0
2021-10-31,27.66825013,60.70042742,11.27653656,0.0
2021-01-11,28.04533333,55.82486713,14.11057483,0.0
2021-02-11,27.58075012,43.38297283,15.15948692,0.0
2021-03-11,27.7995,46.56959346,13.87018797,0.0
2021-04-11,27.23491679,59.57340338,10.49364242,0.0
2021-05-11,27.12241679,68.01860779,8.166960342,0.0
2021-06-11,27.90158358,65.92575138,9.528301108,0.0
2021-07-11,28.09741692,57.43757442,11.28452085,0.0
2021-08-11,28.15991667,63.16420429,8.991008375,0.0
2021-09-11,27.99116679,72.76184667,9.654609654,0.070833333
2021-10-11,26.56825,79.52614092,8.271324629,0.0
2021-11-11,26.67866667,74.65087163,8.35152905,0.0
2021-12-11,26.43075,67.87937229,10.1297933,0.0
2021-11-13,26.38700013,56.81632463,11.38562243,0.0
2021-11-14,26.08075012,54.34203163,13.37797443,0.0
2021-11-15,26.43491667,46.28740592,13.3105701,0.0
2021-11-16,26.76200013,49.19845504,13.00583009,0.0
2021-11-17,27.16825013,61.87637654,11.2060795,0.0
2021-11-18,28.22241692,62.54302183,12.0498655,0.0
2021-11-19,27.75366679,68.67348821,12.15293308,0.0
2021-11-20,28.64116679,67.82246221,10.79772089,0.0
2021-11-21,27.16825013,79.82351575,6.639176146,0.179166667
2021-11-22,26.49325,85.063961,7.151597475,0.0
2021-11-23,27.00158333,84.43533275,7.217924979,0.029166667
2021-11-24,28.25158358,77.75037229,8.386447404,0.05
2021-11-25,27.54741667,82.14298821,9.007261675,0.325
2021-11-26,26.7995,86.83290275,6.590625025,0.095833333
2021-11-27,27.46408333,86.20710546,9.008707267,0.0
2021-11-28,27.8995,79.45983521,8.868149554,0.0
2021-11-29,27.84950013,70.62933217,9.156906046,0.0
2021-11-30,26.94741692,74.96240167,8.141225613,0.0
2021-01-12,26.70366692,71.24505567,8.495714029,0.0
2021-02-12,26.05991679,58.50604396,9.217870679,0.0
2021-03-12,26.65783346,55.52253813,9.960173725,0.0
2021-04-12,27.37241667,61.27175742,8.570577013,0.066666667
2021-05-12,22.18283333,83.61361567,14.12238405,3.166666667
2021-06-12,23.03283333,90.07214112,9.740221063,0.854166667
2021-07-12,24.0995,89.26523729,6.110985767,0.033333333
2021-08-12,24.34325,87.99318996,6.462565242,0.004166667
2021-09-12,23.89741667,88.04598608,5.760383321,0.008333333
2021-10-12,24.88908333,78.09801367,10.0170336,0.0
2021-11-12,25.59116667,71.71837521,10.1590255,0.0
2021-12-12,25.95783333,65.21149133,11.67764678,0.0
2021-12-13,25.60991667,69.74370242,10.41335853,0.0
2021-12-14,25.82658333,69.14692371,10.59554105,0.0
2021-12-15,25.337,72.15661221,9.716347946,0.0
2021-12-16,25.237,70.40535721,9.328154413,0.0
2021-12-17,24.38908333,69.89178317,8.300430367,0.0
2021-12-18,23.33908333,75.13523317,10.442052,0.0
2021-12-19,23.21825,80.237824,8.776472208,0.0
2021-12-20,23.77033333,77.650885,10.09401893,0.0
2021-12-21,23.43075,78.64829154,9.806928329,0.0
2021-12-22,23.83908333,69.90823412,9.665241729,0.0
2021-12-23,23.4995,70.49419996,10.23217327,0.0
2021-12-24,23.57866667,68.55574179,8.667922483,0.0
2021-12-25,23.01616667,74.56690367,7.531617604,0.0
2021-12-26,22.887,76.43663542,8.030961246,0.0
2021-12-27,22.49741667,76.03542546,7.984186958,0.0
2021-12-28,21.76408333,84.36204954,7.716213838,0.0
2021-12-29,21.86616667,81.23663858,8.743874858,0.0
2021-12-30,22.73908333,76.30084638,10.67311998,0.0
2021-12-31,23.25575,73.97567238,8.785705371,0.0
2022-01-01,23.112,72.65388613,11.62153343,0.0
2022-02-01,22.81616667,65.10401533,13.6853135,0.0
2022-03-01,23.74741667,67.01277713,11.8743423,0.0
2022-04-01,24.94325,66.07702317,11.63455901,0.0
2022-05-01,24.90366667,63.64176129,10.31289587,0.0
2022-06-01,24.987,65.847885,9.0986584,0.0
2022-07-01,25.00366667,70.19122367,9.109005954,0.0
2022-08-01,25.00783333,72.25976138,8.621320021,0.0
2022-09-01,24.14533333,81.62498175,7.772501592,0.0
2022-10-01,23.48075,79.3754875,9.231130967,0.0
2022-11-01,23.59116667,81.12174296,6.867896017,0.025
2022-12-01,22.47658333,81.85406542,8.099134304,0.070833333
2022-01-13,21.012,55.14490088,14.8882211,0.0
2022-01-14,19.50575,60.91240667,13.35604811,0.0
2022-01-15,20.36199996,67.93480367,9.689440604,0.0
2022-01-16,20.77033333,69.71359896,10.93014816,0.0
2022-01-17,20.79116665,75.17576913,7.369403062,0.0
2022-01-18,21.74741667,73.91775354,9.396716438,0.0
2022-01-19,22.83491667,66.20062438,11.69198289,0.0
2022-01-20,24.50991667,58.2059535,11.66238743,0.0
2022-01-21,24.83075,64.43272242,10.18855275,0.0
2022-01-22,23.9495,68.55587013,10.79021535,0.0
2022-01-23,23.54116667,69.06267921,10.02453475,0.0
2022-01-24,22.75158333,73.41464183,9.552484142,0.0
2022-01-25,22.97658333,84.2781895,7.484756733,0.0
2022-01-26,23.96616667,74.77680425,14.79687253,0.058333333
2022-01-27,20.28283333,61.76771517,14.65774913,0.0
2022-01-28,19.36824996,53.09860646,13.33300969,0.0
2022-01-29,20.05158331,56.03617683,11.57184163,0.0
2022-01-30,21.212,54.25020354,11.81214256,0.0
2022-01-31,22.73491667,51.26725279,11.79269216,0.0
2022-01-02,23.45366667,47.546813,12.62883448,0.0
2022-02-02,23.00366667,50.09485904,11.05874261,0.0
2022-03-02,22.60158333,56.06069725,9.711597529,0.0
2022-04-02,22.23283333,56.89975954,10.95943045,0.0
2022-05-02,22.17658333,69.24253696,11.65457317,0.0
2022-06-02,21.89325,80.30618625,9.859834225,0.0
2022-07-02,22.45575,83.69896604,7.7506484,0.0
2022-08-02,21.51616667,74.32672604,8.022540763,0.0
2022-09-02,21.73491663,67.32353742,10.23220784,0.0
2022-10-02,22.087,73.53840754,10.16535962,0.0
2022-11-02,21.83491667,80.83818517,11.1869042,0.0
2022-12-02,21.63491667,80.04128413,9.951306521,0.0
2022-02-13,22.05575,73.49187925,12.29403963,0.0
2022-02-14,24.41616667,50.38511912,14.31432883,0.0
2022-02-15,25.48075013,45.20636908,13.76467983,0.0
2022-02-16,24.21825,53.62179433,11.67536475,0.0
2022-02-17,23.73908333,61.69812442,10.63243472,0.0
2022-02-18,24.05158333,50.25214612,11.8112499,0.0
2022-02-19,22.78075,71.89627962,10.8288561,0.0
2022-02-20,22.18908333,80.52458521,9.020065625,0.0
2022-02-21,22.41825,80.63335217,6.392504099,0.0
2022-02-22,22.987,77.02711642,7.86168525,0.0
2022-02-23,24.13075,73.98857042,9.882416663,0.0
2022-02-24,24.37033333,59.28873492,12.17187425,0.0
2022-02-25,24.04325,55.47887079,12.57929415,0.0
2022-02-26,23.90366667,68.06692529,10.20512541,0.0
2022-02-27,24.54533333,63.60535817,11.43610165,0.0
2022-02-28,25.57658333,58.2809875,11.58359901,0.0
2022-01-03,25.0495,59.56265613,12.36890012,0.0
2022-02-03,25.04116667,58.25684638,12.8362104,0.0
2022-03-03,25.23075,53.52409483,12.2872742,0.0
2022-04-03,25.95366667,48.16288883,11.60518375,0.0
2022-05-03,26.18075,53.56817758,11.48839493,0.0
2022-06-03,27.16616704,48.1198475,11.61447906,0.0
2022-07-03,28.22033333,38.54930092,15.50911017,0.0
2022-08-03,27.30575,40.4357335,15.61220899,0.0
2022-09-03,26.97866704,49.41032783,11.32868722,0.0
2022-10-03,27.75366692,51.77247038,11.78812185,0.0
2022-11-03,28.10158358,53.9350605,11.08514121,0.0
2022-12-03,28.887,51.86808471,12.87078298,0.0
2022-03-13,28.40575012,55.28816371,9.419220075,0.004166667
2022-03-14,28.42450025,53.23506733,11.03629309,0.0
2022-03-15,28.36200025,52.41659512,9.386333079,0.0
2022-03-16,28.58283383,55.332451,9.99047965,0.0
2022-03-17,29.36616692,38.25995438,13.53886594,0.0
2022-03-18,29.43908358,37.89898004,12.15896426,0.0
2022-03-19,29.95991692,44.45948075,13.98700993,0.0
2022-03-20,29.94533358,44.18696675,14.1718854,0.0
2022-03-21,29.86616704,48.85759867,12.66258617,0.0
2022-03-22,29.36200037,53.66839679,13.68842566,0.0
2022-03-23,27.937,72.49736392,9.536358104,0.0
2022-03-24,26.70366667,82.03674304,9.847337967,0.0
2022-03-25,27.51616667,67.23607175,13.40466853,0.0
2022-03-26,29.86825038,41.84046983,14.60086315,0.0
2022-03-27,30.88700063,30.3833921,15.62348299,0.0
2022-03-28,28.19325013,56.28335988,8.424336025,0.0
2022-03-29,27.65366667,74.69576713,8.170010346,0.0
2022-03-30,27.69325025,78.53377146,8.145409708,0.0
2022-03-31,27.65991679,78.04216263,9.356478796,0.0
2022-01-04,27.57033346,80.29868475,10.2451639,0.0
2022-02-04,28.75366679,66.55686875,11.7020934,0.0
2022-03-04,27.9245005,70.51086617,10.25382722,0.0
2022-04-04,26.72033333,76.15301888,8.497083742,0.0
2022-05-04,27.00783358,75.58659813,9.282750425,0.0
2022-06-04,27.16408333,78.36008208,7.288166954,0.0
2022-07-04,27.68908333,79.290035,9.963118817,0.0
2022-08-04,28.02033333,82.10884792,9.702100379,0.0
2022-09-04,28.36200012,81.20740254,10.32371198,0.0
2022-10-04,28.47866667,80.61213454,10.35926265,0.0
2022-11-04,28.46825025,80.85188921,8.338788286,0.0
2022-12-04,28.85366704,79.37134808,11.12496655,0.0
2022-04-13,28.59325,81.34753029,9.019487704,0.0
2022-04-14,29.0495,72.14106117,9.298413971,0.0
2022-04-15,28.42450012,77.25360046,9.618574242,0.0
2022-04-16,28.80575025,72.76710633,11.70425818,0.0
2022-04-17,29.69116717,68.5215285,12.4095443,0.0
2022-04-18,28.74325013,78.49844633,9.986978621,0.0
2022-04-19,28.162,74.78637725,8.571398179,0.0
2022-04-20,27.787,79.22681379,9.841759642,0.0
2022-04-21,28.26616667,75.46136575,9.802881508,0.0
2022-04-22,28.14533333,76.75280892,9.596287988,0.0
2022-04-23,28.39116679,78.52053754,11.30837093,0.0
2022-04-24,29.93700013,68.18303996,14.6420386,0.0
2022-04-25,32.05575038,50.19384146,17.136418,0.0
2022-04-26,31.31825038,59.26868821,10.52215293,0.0
2022-04-27,30.9557505,71.62683475,8.595279246,0.0
2022-04-28,29.85991729,76.76592896,10.89623241,0.0
2022-04-29,31.17241692,58.07258267,11.95852485,0.0
2022-04-30,30.18283383,69.26825146,12.34310906,0.0
2022-01-05,31.24533383,57.03987517,13.66648065,0.0
2022-02-05,31.25158383,66.96879254,10.61957341,0.0
2022-03-05,29.97866717,77.77937713,12.6824936,0.0
2022-04-05,29.55991679,77.26778863,10.07105955,0.0
2022-05-05,29.84116704,77.73897296,10.06780654,0.0
2022-06-05,29.95158358,76.62250996,10.51444548,0.0
2022-07-05,30.04116717,75.65555025,10.39735452,0.0
2022-08-05,29.19950025,76.76942621,9.638826663,0.0
2022-09-05,29.13283346,79.46981704,12.89886951,0.0
2022-10-05,29.26825,77.62855017,12.12765205,0.004166667
2022-11-05,29.48908358,79.13078413,11.09723495,0.0
2022-12-05,29.82450038,80.26873025,12.38736791,0.0
2022-05-13,29.90575012,77.44709563,13.64619953,0.0
2022-05-14,29.90783358,76.33071517,12.70745813,0.0
2022-05-15,30.05575038,73.44113708,13.48749205,0.0
2022-05-16,30.02866679,71.6368535,14.50082565,0.0
2022-05-17,29.88283333,71.29938613,13.15681972,0.0
2022-05-18,30.02241679,70.97242446,12.76597425,0.0
2022-05-19,29.95158383,72.89611817,11.91797183,0.0
2022-05-20,29.87033383,73.90471708,12.39745393,0.0
2022-05-21,29.83491679,73.29979767,10.88016356,0.0
2022-05-22,29.66616679,71.73557925,11.14881625,0.0
2022-05-23,29.71408371,72.18871388,13.02431595,0.0
2022-05-24,29.90575013,66.64768508,14.60050504,0.004166667
2022-05-25,30.39533358,64.23222188,17.85385808,0.004166667
2022-05-26,30.30158371,67.76231096,20.09306825,0.041666667
2022-05-27,30.36616679,69.64931871,19.15118738,0.1125
2022-05-28,30.24533371,68.79936317,15.39411092,0.020833333
2022-05-29,29.80783371,70.09612583,12.40815798,0.020833333
2022-05-30,30.35158333,62.93113108,13.62697237,0.0
2022-05-31,30.57033333,60.30676146,14.83733254,0.0
2022-01-06,30.63908383,60.80881079,16.32708796,0.0
2022-02-06,30.50991667,61.84865033,15.11813871,0.004166667
2022-03-06,30.25366692,63.58101188,14.16140952,0.004166667
2022-04-06,30.09533358,66.64829425,13.73865517,0.0
2022-05-06,29.92658358,67.16876917,13.486192,0.0
2022-06-06,29.73908358,70.21496833,12.74960715,0.0
2022-07-06,29.4745,71.33352142,13.35414144,0.0
2022-08-06,29.77450038,72.502194,12.30302141,0.0
2022-09-06,29.82241667,71.24459679,10.47341059,0.0
2022-10-06,29.84950013,69.66815483,9.840559982,0.0
2022-11-06,29.79325013,74.48537575,12.03914754,0.045833333
2022-12-06,29.487,78.3956705,11.90771031,0.1875
2022-06-13,28.87866667,78.74727313,10.90934054,0.3
2022-06-14,28.08491667,81.81750125,12.80010298,0.670833333
2022-06-15,27.22241667,84.26967817,16.01001019,1.045833333
2022-06-16,26.7995,85.66085921,17.58774313,0.645833333
2022-06-17,27.70158333,83.20796146,19.40322788,0.233333333
2022-06-18,28.63283333,78.5854625,18.76462054,0.075
2022-06-19,28.03908333,81.91813871,13.96579182,0.316666667
2022-06-20,28.07866667,82.44296642,14.11168075,0.170833333
2022-06-21,28.17241667,82.58454363,14.46711523,0.1375
2022-06-22,28.24325,80.90046271,17.15494917,0.433333333
2022-06-23,27.04741667,86.33003888,17.46868573,1.741666667
2022-06-24,26.0995,90.95382421,13.28059845,2.204166667
2022-06-25,26.25575,88.63852004,15.94883298,0.704166667
2022-06-26,26.54741667,88.44651533,12.48045108,2.041666667
2022-06-27,26.64325,88.45614429,9.343713963,0.991666667
2022-06-28,26.82033333,87.68689463,16.32137496,0.708333333
2022-06-29,26.83283333,86.88200625,17.33907613,0.608333333
2022-06-30,26.50366667,88.91022992,22.07938817,0.720833333
2022-01-07,26.53075,88.38234504,18.05238554,1.45
2022-02-07,26.66825,88.06706888,16.1161365,0.333333333
2022-03-07,26.86408333,88.04117583,14.80183906,0.683333333
2022-04-07,26.33491667,89.57992383,14.14957129,1.729166667
2022-05-07,25.75158333,91.7334555,15.04542754,1.804166667
2022-06-07,26.27033333,88.90656217,15.57610781,1.033333333
2022-07-07,26.40575,88.45882604,17.08095725,0.883333333
2022-08-07,26.18075,89.47079854,16.808715,1.433333333
2022-09-07,25.95991667,90.65971963,17.24010138,2.116666667
2022-10-07,25.937,90.39015517,17.58288794,1.5
2022-11-07,26.29533333,88.69916108,19.03387733,1.445833333
2022-12-07,26.60783333,85.97318425,21.56741529,0.983333333
2022-07-13,25.43283333,91.175634,16.66077833,1.845833333
2022-07-14,25.12658333,91.01604996,16.14905608,2.558333333
2022-07-15,25.03491667,91.48446812,18.82314338,3.195833333
2022-07-16,24.962,91.47777096,18.35830779,2.491666667
2022-07-17,25.39116667,90.31962038,24.051655,2.833333333
2022-07-18,25.79533333,89.870724,28.11791883,2.525
2022-07-19,26.5745,85.69035517,28.34484292,0.954166667
2022-07-20,26.79325,86.16706858,25.35001338,0.879166667
2022-07-21,26.98908333,85.198812,17.70900571,0.420833333
2022-07-22,25.35158333,90.99765579,14.977197,1.666666667
2022-07-23,25.7245,89.55406563,13.63118542,0.925
2022-07-24,26.45158333,85.75895817,13.55111173,0.5625
2022-07-25,26.59533333,84.78570063,12.62726079,0.25
2022-07-26,27.03908333,82.607703,12.86348353,0.175
2022-07-27,25.7245,89.32219717,13.800344,1.325
2022-07-28,25.72658333,89.21051667,14.69779879,1.0375
2022-07-29,26.56825,85.74056962,13.01504556,0.35
2022-07-30,26.35783333,87.20804229,9.186570325,0.208333333
2022-07-31,26.587,86.37121583,5.296487908,0.179166667
2022-01-08,27.2745,86.35448554,8.181070313,0.1125
2022-02-08,27.44741667,86.47459775,8.929515779,0.0375
2022-03-08,27.58075,83.58002004,9.033574113,0.0125
2022-04-08,27.55783333,83.82216446,10.42767282,0.095833333
2022-05-08,27.39533333,82.87070108,10.05915656,0.0875
2022-06-08,27.38075,83.27618329,8.412497229,0.145833333
2022-07-08,27.25158333,85.247902,7.469898013,0.5125
2022-08-08,27.27866667,86.67896512,5.606741132,0.55
2022-09-08,26.15991667,90.58093221,8.210006367,1.375
2022-10-08,26.33075,89.42274358,10.05391281,1.1875
2022-11-08,26.41616667,89.96146129,9.3192073,2.708333333
2022-12-08,26.46408333,89.23036475,16.388717,1.479166667
2022-08-13,26.09533333,88.40716796,29.828497,2.6
2022-08-14,26.29325,87.98989879,30.908057,1.554166667
2022-08-15,26.59533333,85.37271588,32.9810265,0.925
2022-08-16,26.53283333,83.93134375,31.47524442,0.666666667
2022-08-17,26.787,83.18342675,25.63130838,0.595833333
2022-08-18,26.88283333,81.529695,24.95903704,0.441666667
2022-08-19,25.8245,88.34935588,20.83381754,1.325
2022-08-20,25.70158333,88.65911542,26.09142187,2.470833333
2022-08-21,26.18491667,85.74943625,23.70916933,0.8125
2022-08-22,26.637,83.01849763,20.89669417,0.366666667
2022-08-23,26.212,86.002247,17.63410383,0.475
2022-08-24,26.437,86.10990454,16.51543079,0.254166667
2022-08-25,26.50991667,84.88717192,17.40525463,0.216666667
2022-08-26,26.25991667,86.31140808,19.87463608,0.4375
2022-08-27,26.28075,85.98516179,20.22780729,0.341666667
2022-08-28,26.22658333,85.69265354,15.97492142,0.325
2022-08-29,25.96408333,86.75974846,10.59770568,0.220833333
2022-08-30,26.31408333,84.77081846,8.5368773,0.054166667
2022-08-31,26.41825,83.64885542,8.726834425,0.079166667
2022-01-09,26.33491667,85.59021783,8.126577696,0.058333333
2022-02-09,26.64741667,85.61752625,7.990081225,0.045833333
2022-03-09,27.43491667,85.53170883,10.4850713,0.025
2022-04-09,27.2995,88.13154204,8.308500396,0.8
2022-05-09,26.92241667,87.67173663,5.838176125,0.05
2022-06-09,27.5495,86.72690879,7.568340921,0.416666667
2022-07-09,27.95575,86.23199392,8.983301983,0.145833333
2022-08-09,27.07033333,88.12203788,7.846175362,0.3125
2022-09-09,27.32658333,83.18998363,8.874007096,0.1125
2022-10-09,27.22033333,85.4805335,6.893417721,0.158333333
2022-11-09,27.05366667,88.19397838,7.77667915,0.858333333
2022-12-09,26.66825,90.40756975,7.03212425,1.633333333
2022-09-13,27.1745,87.50153892,7.0647688,1.125
2022-09-14,26.94116667,88.6392655,6.20540855,0.554166667
2022-09-15,26.60575,88.03779954,6.033242,1.375
2022-09-16,26.47866667,89.26203542,8.843029004,0.8875
2022-09-17,26.14116667,89.8366035,17.97054894,2.5625
2022-09-18,26.19116667,88.99437871,22.39098133,3.204166667
2022-09-19,26.27658333,88.32360954,25.14093162,3.295833333
2022-09-20,25.47033333,91.23789313,16.09076331,3.3125
2022-09-21,25.462,89.48007154,13.14458987,1.583333333
2022-09-22,25.10575,90.41803792,8.495623308,2.375
2022-09-23,26.02033333,82.46177804,8.2493838,0.058333333
2022-09-24,25.27866667,88.02728425,5.618845221,0.683333333
2022-09-25,25.42033333,87.75412988,6.476414708,0.5125
2022-09-26,25.06408333,89.29624542,7.692587392,0.6875
2022-09-27,25.987,83.43274692,11.74393034,0.220833333
2022-09-28,25.56825,87.50859367,10.07930333,0.216666667
2022-09-29,25.92033333,85.57703725,6.997521279,0.204166667
2022-09-30,25.71825,86.56462738,6.738709183,0.054166667
2022-01-10,26.19325,85.96861004,6.346410454,0.0375
2022-02-10,26.13075,87.19289804,7.001116475,0.095833333
2022-03-10,26.22658333,88.49223612,6.792022433,0.083333333
2022-04-10,26.57658333,89.32523221,7.785210504,0.3625
2022-05-10,26.07033333,88.36485825,7.553283125,0.170833333
2022-06-10,26.35575,87.85207442,7.416964233,0.029166667
2022-07-10,26.512,86.20717833,9.670027033,0.0125
2022-08-10,27.12658333,86.16264754,10.49580248,0.0
2022-09-10,27.39533333,87.88325833,7.8325317,0.1
2022-10-10,27.35575,85.26636079,11.39006268,0.5
2022-11-10,26.0245,86.43932096,10.95278309,1.204166667
2022-12-10,26.0245,87.43490754,11.29994393,0.941666667
2022-10-13,26.82241667,85.18283842,7.454793775,0.029166667
2022-10-14,26.98908333,86.38129683,6.328806987,0.008333333
2022-10-15,26.60575,88.36578608,6.147612275,0.645833333
2022-10-16,25.94741667,89.69898658,5.189096042,0.391666667
2022-10-17,26.70783333,89.52766946,4.829159829,0.0875
2022-10-18,26.60158333,86.61236738,5.962964813,0.641666667
2022-10-19,27.737,71.04231608,9.342478162,0.0
2022-10-20,27.94116679,71.18381171,11.11500986,0.070833333
2022-10-21,27.0245,84.04828121,8.078512967,0.195833333
2022-10-22,26.23908333,88.1424925,8.001789954,0.379166667
2022-10-23,26.54325,88.66357267,6.056888517,0.1125
2022-10-24,26.8995,87.40591371,5.443803375,0.029166667
2022-10-25,26.99325,85.43626775,6.859738163,0.158333333
2022-10-26,26.93908333,76.59368392,8.214930779,0.054166667
2022-10-27,25.98908333,67.9912105,8.194442942,0.0
2022-10-28,25.74116667,72.67638242,7.342846942,0.0
2022-10-29,25.38491667,76.72881333,7.715176308,0.0
2022-10-30,25.28075,73.30869538,8.754841529,0.0
2022-10-31,25.55158333,71.74788125,7.743183392,0.0
2022-01-11,25.55366667,67.25687521,7.880534121,0.0
2022-02-11,25.75366667,57.73742567,8.954519008,0.0
2022-03-11,25.57866667,61.52799146,9.691872529,0.0
2022-04-11,25.63491667,58.97591175,9.56938955,0.0
2022-05-11,25.46616667,59.21525937,9.392329463,0.0
2022-06-11,25.9495,62.1872705,11.13933316,0.0
2022-07-11,25.94325,58.17398463,10.21170594,0.0
2022-08-11,26.43700025,53.83613879,10.47650355,0.0
2022-09-11,26.2995,57.03208371,8.592106554,0.0
2022-10-11,26.09950013,60.41164875,8.861630192,0.0
2022-11-11,25.32033333,65.85507458,7.958208142,0.0
2022-12-11,26.30575013,61.71895721,9.085674208,0.0
2022-11-13,26.18908333,61.36421958,8.853360538,0.0
2022-11-14,26.16408346,58.51089629,9.684905917,0.0
2022-11-15,26.81408358,53.79859658,11.62799964,0.0
2022-11-16,26.65366692,58.17152267,11.98261526,0.0
2022-11-17,26.48283333,60.43106725,10.42188766,0.0
2022-11-18,26.45575012,67.59174058,8.581065096,0.0
2022-11-19,26.1995,67.88178267,8.365758892,0.0
2022-11-20,26.30158358,62.69269088,9.3677008,0.0
2022-11-21,26.27033346,51.72436021,12.01014177,0.0
2022-11-22,25.71825,47.38852725,12.1355882,0.0
2022-11-23,25.25366667,47.6807065,11.8525356,0.0
2022-11-24,24.17241667,49.13357488,11.00339221,0.0
2022-11-25,23.59116667,53.87859879,10.28538753,0.0
2022-11-26,24.64325,55.96771642,10.55638347,0.0
2022-11-27,25.7495,53.32414646,11.04379633,0.0
2022-11-28,25.487,60.96626725,9.398449037,0.0
2022-11-29,26.3995,64.04039042,7.893052538,0.0
2022-11-30,26.71825013,67.48246663,8.039690246,0.0
2022-01-12,26.037,69.52083875,8.549651049,0.0
2022-02-12,24.55158333,68.31333546,9.771830467,0.0
2022-03-12,25.05575,69.80561504,8.122510404,0.0
2022-04-12,25.97658333,66.71000988,8.412838254,0.0
2022-05-12,25.72658358,59.65896521,9.107816842,0.0
2022-06-12,25.13075,59.81907192,8.66065499,0.0
2022-07-12,25.7995,61.72218525,9.519151788,0.0
2022-08-12,26.84950013,66.22268958,8.18206615,0.0
2022-09-12,26.90158333,69.47533029,8.643269521,0.0
2022-10-12,27.02241679,69.07946762,9.554783033,0.0
2022-11-12,26.47866667,67.53654804,10.2242453,0.0
2022-12-12,25.97658333,59.47072733,11.62735199,0.0
2022-12-13,24.00783333,56.24280783,9.703617775,0.0
2022-12-14,23.93908333,54.84554517,9.932267929,0.0
2022-12-15,25.35783333,57.14769358,9.043031404,0.0
2022-12-16,27.15783333,65.23176092,8.5685023,0.0
2022-12-17,28.03491704,66.51272504,9.385002392,0.008333333
2022-12-18,27.88491667,68.6760965,9.016614233,0.0
2022-12-19,27.29741667,71.36616258,7.571954083,0.0
2022-12-20,27.562,67.78278421,9.364395854,0.0
2022-12-21,28.01408358,66.33514392,10.00040494,0.0
2022-12-22,28.00783333,60.80670775,11.6565437,0.0
2022-12-23,26.85575,58.11361117,10.57471158,0.0
2022-12-24,25.68283333,60.10999046,9.873497596,0.0
2022-12-25,25.187,63.68240117,8.717383553,0.0
2022-12-26,25.17241667,67.368662,9.110918167,0.0
2022-12-27,24.13283333,59.93079117,12.33849515,0.0
2022-12-28,22.387,53.80596083,12.24191006,0.0
2022-12-29,21.70158333,67.94844317,7.512627092,0.0
2022-12-30,22.01825,72.61967013,9.367798546,0.0
2022-12-31,23.57033333,66.95988417,10.56897989,0.0
2023-01-01,23.86825,69.00967208,10.51104043,0.0
2023-02-01,24.32866667,67.33004288,10.14179373,0.0
2023-03-01,24.23908333,66.32304192,10.2743482,0.0
2023-04-01,23.35575,64.699129,12.14524026,0.0
2023-05-01,21.87658333,69.80297658,11.14052159,0.0
2023-06-01,22.78908333,68.25600054,10.8786255,0.0
2023-07-01,22.74741667,70.15221708,11.06966994,0.0
2023-08-01,23.03283333,71.16158521,9.102911471,0.0
2023-09-01,24.25366667,71.25917508,8.082575567,0.0
2023-10-01,25.91408333,62.50771087,11.51553927,0.0
2023-11-01,26.11200012,64.77530504,10.9001516,0.0
2023-12-01,25.23283333,56.27643275,11.26855359,0.0
2023-01-13,23.86408333,51.99983163,10.87179337,0.0
2023-01-14,23.67033333,51.74447042,9.665132871,0.0
2023-01-15,22.18075,63.14515733,9.442651796,0.0
2023-01-16,22.81616667,75.432378,10.87940801,0.0
2023-01-17,21.70366667,72.90120608,12.27237366,0.0
2023-01-18,20.39533331,63.72498275,11.99354195,0.0
2023-01-19,20.37241663,71.86139188,10.33228516,0.0
2023-01-20,20.24324998,75.77531942,8.888636346,0.0
2023-01-21,21.34325,73.70269729,8.426706667,0.0
2023-01-22,22.1995,72.14698754,7.260635888,0.0
2023-01-23,21.937,73.27255338,8.464203838,0.0
2023-01-24,21.98283333,74.11523958,8.823054367,0.0
2023-01-25,22.18283333,67.42815583,10.58946435,0.0
2023-01-26,21.83491667,55.39042758,12.98341679,0.0
2023-01-27,20.95575,58.26021192,13.63709503,0.0
2023-01-28,20.87658333,58.34470379,13.46179368,0.0
2023-01-29,21.57241667,52.84378012,17.3605165,0.0
2023-01-30,22.83283333,61.70050854,13.90020728,0.0
2023-01-31,25.01825,69.30686158,9.913152017,0.0
2023-01-02,24.60991667,77.69453442,8.701972175,0.0
2023-02-02,23.20366667,88.42843613,8.588353896,0.041666667
2023-03-02,23.72241667,74.92469479,14.50640277,0.0
2023-04-02,25.53283333,61.68948654,14.76988871,0.0
2023-05-02,27.27241679,52.24933079,13.94287903,0.0
2023-06-02,26.86200037,52.20974613,14.34542515,0.0
2023-07-02,25.20991667,55.40740158,10.42206427,0.0
2023-08-02,25.0495,55.38698538,10.41872425,0.0
2023-09-02,24.00158333,68.11521846,7.944321175,0.0
2023-10-02,24.19741667,63.32962404,12.84326624,0.0
2023-11-02,24.187,62.25228079,12.92194421,0.0
2023-12-02,24.85158333,56.08376121,11.52743938,0.0
2023-02-13,25.55158346,53.71798488,10.83727992,0.0
2023-02-14,24.37033333,57.40482646,11.82984036,0.0
2023-02-15,24.70991667,48.78907025,13.42130694,0.0
2023-02-16,26.28075038,43.68156992,14.42493975,0.0
2023-02-17,26.37450025,40.27203013,13.00037675,0.0
2023-02-18,25.2995,43.25820921,11.11301955,0.0
2023-02-19,25.62658333,43.12951938,11.50317787,0.0
2023-02-20,27.52866692,34.94198263,13.78218628,0.0
2023-02-21,27.50575025,36.77937467,14.18364095,0.0
2023-02-22,26.4932505,40.28506417,11.9577586,0.0
2023-02-23,26.79741667,43.307262,9.327455258,0.0
2023-02-24,25.262,69.31992133,8.372478717,0.0
2023-02-25,25.31408346,64.45087208,12.13690891,0.0
2023-02-26,24.69741667,64.75355583,13.2094647,0.0
2023-02-27,26.12866667,46.75092692,13.36923962,0.0
2023-02-28,27.26200013,43.8233075,12.92524766,0.0
2023-01-03,27.0307505,39.99155338,13.95755699,0.0
2023-02-03,27.27241692,41.02073471,13.08768305,0.0
2023-03-03,26.91200025,43.52333442,13.04430492,0.0
2023-04-03,25.89950013,53.05614296,11.03501364,0.0
2023-05-03,26.36408358,50.8147765,11.96972358,0.0
2023-06-03,27.90991692,48.00564979,10.1617369,0.0
2023-07-03,27.43283371,59.26562475,8.241799217,0.0
2023-08-03,28.07866729,61.76411971,9.015008458,0.0
2023-09-03,28.95158383,53.99690646,9.969095688,0.0
2023-10-03,30.04533396,39.14817838,16.58294382,0.004166667
2023-11-03,28.48491692,49.65306279,10.04249189,0.0
2023-12-03,28.58700025,44.23779058,12.59700299,0.0
2023-03-13,29.27658371,31.83578104,12.84535761,0.0
2023-03-14,28.91616754,34.09316963,14.40720488,0.0
2023-03-15,29.15366692,40.25482342,12.33932314,0.0
2023-03-16,29.65991717,40.625904,10.05430225,0.0
2023-03-17,29.09741717,58.20395808,8.034344421,0.0
2023-03-18,28.71825,58.75263421,11.05617167,0.0
2023-03-19,28.71200025,59.89299988,10.93413375,0.0
2023-03-20,26.62450012,73.42282675,7.255690133,0.554166667
2023-03-21,27.14116667,76.03471158,9.320815275,0.029166667
2023-03-22,26.89533333,78.02787029,10.74080578,0.0
2023-03-23,26.57658333,70.71356792,9.698156071,0.0
2023-03-24,26.3745,67.77668346,8.772773058,0.008333333
2023-03-25,25.5995,73.82822075,7.984263983,0.020833333
2023-03-26,26.30158333,72.61409938,8.668210946,0.0
2023-03-27,26.30158333,72.84512208,9.542275346,0.016666667
2023-03-28,26.10991667,76.2460925,11.23152752,0.0
2023-03-29,25.15158333,67.62443488,12.60324853,0.0
2023-03-30,25.05366667,70.38990513,11.99703578,0.0
2023-03-31,25.68908333,76.93012225,10.62442547,0.0
2023-01-04,25.77033333,77.63560529,10.4308266,0.0
2023-02-04,26.0745,78.35184687,8.844599121,0.0
2023-03-04,26.4245,73.04203554,8.176309874,0.008333333
2023-04-04,26.18283333,76.89302575,9.144900596,0.016666667
2023-05-04,26.09116667,74.91034654,11.24233412,0.0
2023-06-04,26.04325,76.38995588,11.5378754,0.0
2023-07-04,26.41825,77.42294188,10.66136897,0.0
2023-08-04,26.55783333,80.02727117,12.10061328,0.0
2023-09-04,27.05575,81.36150612,12.27657438,0.0
2023-10-04,28.5245,68.17736325,13.76369575,0.0
2023-11-04,30.0932505,50.41082371,14.63596255,0.0
2023-12-04,29.61408358,58.74616079,10.05101599,0.0
2023-04-13,29.89533371,61.02525492,10.62576228,0.0
2023-04-14,30.50575063,60.31756388,12.79383655,0.0
2023-04-15,30.13491717,61.6001745,13.75842778,0.0
2023-04-16,30.96200075,50.95817025,15.70634327,0.0
2023-04-17,30.81616729,54.26321071,14.55471011,0.0
2023-04-18,29.93491704,61.89521687,13.13381276,0.0
2023-04-19,29.12241704,65.61932375,10.15518489,0.0
2023-04-20,28.85575063,72.2164735,12.42336301,0.0
2023-04-21,29.10158358,68.63256571,12.59608972,0.0
2023-04-22,32.2745005,44.72610621,16.03836777,0.0
2023-04-23,32.13283396,52.59684142,15.3856941,0.0
2023-04-24,29.5745005,65.57124983,12.80532966,0.0
2023-04-25,28.10783346,75.13577825,10.35937193,0.0
2023-04-26,28.03283333,77.12088779,9.376244754,0.0
2023-04-27,27.88908333,76.59526883,11.81337485,0.0
2023-04-28,28.36408333,78.8741495,10.84464064,0.0
2023-04-29,28.89533346,78.19082271,9.719321933,0.0
2023-04-30,28.562,74.25222,12.02252724,0.0
2023-01-05,28.43491667,74.09105296,9.918702467,0.0
2023-02-05,28.78075,71.2764095,9.487821546,0.0
2023-03-05,27.98075,73.36059329,9.590099888,0.016666667
2023-04-05,28.20991667,72.08280108,9.0369359,0.025
2023-05-05,28.2245,66.94346821,8.445925746,0.091666667
2023-06-05,28.6745,67.73866579,8.244381067,0.020833333
2023-07-05,28.40366667,70.43547313,9.180500663,0.0
2023-08-05,28.31825,74.34265654,8.933375754,0.020833333
2023-09-05,28.5995,75.051885,9.286397883,0.016666667
2023-10-05,28.87241667,76.00007067,11.28358522,0.004166667
2023-11-05,28.137,79.01338475,8.930846521,0.358333333
2023-12-05,29.73491679,74.40102788,10.31429033,0.004166667
2023-05-13,30.07450038,77.13830646,9.612107433,0.0
2023-05-14,30.35158371,78.675553,9.75102247,0.0
2023-05-15,30.61408346,78.30899758,9.553596149,0.0
2023-05-16,30.36616692,80.51321175,11.33015797,0.0
2023-05-17,30.3120005,75.7121635,11.9033354,0.0
2023-05-18,30.28283371,75.07497275,11.02145775,0.0
2023-05-19,30.37658396,73.56372217,11.70684931,0.020833333
2023-05-20,30.57033346,70.49841871,10.45805368,0.0125
2023-05-21,30.24325025,73.06317042,12.5583582,0.0
2023-05-22,29.9182505,77.00230604,13.2847628,0.004166667
2023-05-23,30.0557505,76.95577729,14.04238338,0.008333333
2023-05-24,29.96825025,75.066822,11.9383017,0.0
2023-05-25,29.90158371,73.01831154,10.74813879,0.0
2023-05-26,29.7245005,75.40602,10.83418568,0.0
2023-05-27,29.93075025,76.54212129,13.07339459,0.0
2023-05-28,30.35366717,71.70345454,12.60236123,0.0
2023-05-29,30.93491704,64.50041742,14.73649967,0.008333333
2023-05-30,30.64325025,64.557367,14.72575415,0.075
2023-05-31,31.11616717,62.53626271,13.7988973,0.0
2023-01-06,31.02658396,67.59977488,11.47639494,0.0
2023-02-06,30.35783346,76.22409275,11.24503095,0.0
2023-03-06,30.59325013,79.48510296,11.84129633,0.0
2023-04-06,30.63700038,78.94028646,13.8927582,0.0
2023-05-06,30.23908396,79.00149158,11.48950277,0.0
2023-06-06,30.92658383,69.79730667,11.63081894,0.0
2023-07-06,31.50783346,67.06963063,12.93890815,0.008333333
2023-08-06,30.90991692,71.69895825,12.09890686,0.029166667
2023-09-06,30.78283358,69.71275558,13.05230346,0.016666667
2023-10-06,30.85783371,69.30892238,11.22780156,0.004166667
2023-11-06,31.20783371,68.20686908,13.06829215,0.0
2023-12-06,31.27033383,69.96603083,12.29276821,0.054166667
2023-06-13,30.68700038,75.69887954,20.18916483,0.145833333
2023-06-14,30.30158383,73.68789279,24.73101896,0.1625
2023-06-15,29.40783371,74.918958,25.87957804,0.254166667
2023-06-16,28.97241679,77.30318208,30.35138758,0.141666667
2023-06-17,28.22033333,81.04032988,28.39356158,0.254166667
2023-06-18,29.11408333,76.79097458,27.42071571,0.1
2023-06-19,29.83283333,74.65373042,30.37417458,0.108333333
2023-06-20,29.47658333,76.28926188,28.35281446,0.2375
2023-06-21,29.24325,79.34350183,21.49836121,0.275
2023-06-22,29.337,78.10424654,16.60421456,0.125
2023-06-23,29.49325,77.971788,15.42432163,0.095833333
2023-06-24,29.44116667,77.49518804,13.57629788,0.058333333
2023-06-25,29.4495,79.43891896,13.7249241,0.154166667
2023-06-26,29.59116667,76.38133254,13.04622696,0.091666667
2023-06-27,28.54741667,81.39894017,13.22515219,0.175
2023-06-28,27.05366667,86.38067417,10.73925088,0.8
2023-06-29,26.5245,88.32128525,12.89210198,1.404166667
2023-06-30,25.82866667,91.12682929,14.13840094,1.225
2023-01-07,26.17658333,90.55779646,13.67768925,0.95
2023-02-07,26.45366667,90.19628608,15.47615808,1.920833333
2023-03-07,26.10783333,91.07669154,17.17176821,2.195833333
2023-04-07,26.20783333,90.99084458,20.34787092,2.520833333
2023-05-07,26.487,89.81313021,17.32739904,1.4625
2023-06-07,26.90366667,88.53205104,15.73284669,1.095833333
2023-07-07,27.29533333,88.86421467,12.04164269,0.4625
2023-08-07,27.08908333,88.87571658,11.83168201,1.891666667
2023-09-07,26.50783333,90.45972542,9.426170954,2.4
2023-10-07,25.95366667,91.70022462,16.14047924,3.258333333
2023-11-07,26.45366667,90.23720308,21.61447692,2.258333333
2023-12-07,27.75991667,82.88519292,23.77261825,0.383333333
2023-07-13,27.70575,81.57456458,20.96023575,0.370833333
2023-07-14,27.78283333,81.13269908,17.66373221,0.120833333
2023-07-15,27.53075,83.569546,13.48948921,0.204166667
2023-07-16,26.12866667,90.60881492,8.284703404,0.516666667
2023-07-17,26.41825,89.09142421,11.59646441,0.554166667
2023-07-18,26.312,89.58820817,13.80295183,1.258333333
2023-07-19,26.10783333,89.80655871,10.30311131,0.820833333
2023-07-20,25.87241667,90.54591646,11.49934404,1.470833333
2023-07-21,26.13075,91.11871504,15.88260667,2.833333333
2023-07-22,25.99325,91.39831296,20.17624271,2.4875
2023-07-23,26.3745,90.63127279,20.39409442,2.383333333
2023-07-24,26.50158333,88.16560117,17.78358292,0.854166667
2023-07-25,26.5495,89.13529308,16.6463875,2.008333333
2023-07-26,25.96616667,91.54539854,18.56482921,1.541666667
2023-07-27,26.35783333,89.54859721,22.309084,2.108333333
2023-07-28,26.22033333,89.61229783,19.69508927,2.1125
2023-07-29,25.97866667,90.60914913,16.45095013,2.033333333
2023-07-30,26.0745,90.420744,19.34458469,4.425
2023-07-31,26.03491667,89.71444883,19.54910563,3.2625
2023-01-08,25.92658333,90.08199367,17.66295404,1.545833333
2023-02-08,27.01825,83.82040771,19.51819517,0.408333333
2023-03-08,27.15991667,82.90264713,19.54062946,0.4
2023-04-08,26.88075,85.61197913,19.24387375,0.429166667
2023-05-08,27.187,83.11994083,20.98058725,0.2125
2023-06-08,26.94533333,84.35219571,21.04143829,0.6625
2023-07-08,27.34741667,83.01424933,22.37705821,0.204166667
2023-08-08,27.25783333,85.28409217,21.25852288,0.104166667
2023-09-08,27.42658333,84.01335342,20.63839271,0.154166667
2023-10-08,27.362,83.46463329,20.56439383,0.108333333
2023-11-08,27.43075,82.77519129,21.15008983,0.0875
2023-12-08,27.47866667,82.40840275,18.77495908,0.129166667
2023-08-13,27.38908333,83.02073921,15.75054817,0.158333333
2023-08-14,26.6995,85.36762829,12.63422433,0.258333333
2023-08-15,27.28908333,81.94673896,11.75188855,0.166666667
2023-08-16,26.15158333,86.30182279,12.56583887,0.245833333
2023-08-17,27.38075,82.08840292,18.59920031,0.1875
2023-08-18,27.65366667,79.0638825,18.80704571,0.083333333
2023-08-19,26.93908333,84.58576817,13.06077627,0.2
2023-08-20,27.00366667,84.915081,12.45521267,0.141666667
2023-08-21,27.10783333,82.04097096,14.11329567,0.133333333
2023-08-22,27.24533333,81.57351442,14.34881675,0.116666667
2023-08-23,26.9745,84.23363813,15.19289875,0.183333333
2023-08-24,26.10366667,88.90670358,9.964201792,0.458333333
2023-08-25,26.68491667,85.21431913,9.881659754,0.104166667
2023-08-26,26.62866667,86.24161187,10.78898713,0.258333333
2023-08-27,27.41825,81.24906133,14.22782771,0.183333333
2023-08-28,26.60366667,86.23058383,14.669221,0.304166667
2023-08-29,26.78283333,86.75363583,14.61663923,0.308333333
2023-08-30,26.14533333,88.50083483,14.11458189,0.65
2023-08-31,25.88283333,88.36706779,10.79106806,0.479166667
2023-01-09,25.99533333,87.79486283,10.70829379,0.1875
2023-02-09,26.65575,85.66512633,6.277713396,0.1
2023-03-09,27.02033333,86.05760946,6.012346896,0.029166667
2023-04-09,27.18491667,86.19519983,7.8287086,0.029166667
2023-05-09,27.36616667,86.30232492,7.255439625,0.05
2023-06-09,26.85366667,87.61046108,5.0467241,0.108333333
2023-07-09,26.63908333,86.47984579,7.968246242,0.433333333
2023-08-09,27.16616667,82.75242925,8.888773325,0.075
2023-09-09,27.34741667,82.45311712,10.9527135,0.1
2023-10-09,28.10991667,79.99056233,12.51474217,0.041666667
2023-11-09,26.9245,85.6800985,13.32260383,0.825
2023-12-09,27.03075,87.74191567,16.84624921,1.729166667
2023-09-13,26.98908333,89.26884146,11.39263201,0.683333333
2023-09-14,27.02033333,88.27479808,9.469909238,0.220833333
2023-09-15,26.32033333,88.45996417,8.40112855,0.170833333
2023-09-16,27.21825,84.04557188,10.70433872,0.208333333
2023-09-17,26.56616667,87.36271475,7.327952533,0.166666667
2023-09-18,26.74741667,85.50694138,7.832801658,0.0875
2023-09-19,27.64533333,80.52685283,10.24325978,0.083333333
2023-09-20,27.24325,83.6834255,16.66880275,0.3
2023-09-21,27.00158333,83.90529429,17.66843746,0.445833333
2023-09-22,26.05366667,89.72203021,16.42972175,1.304166667
2023-09-23,26.562,88.39415979,18.32135829,0.445833333
2023-09-24,26.62241667,89.79052758,14.93432965,0.525
2023-09-25,26.71408333,89.56792042,9.654199163,0.758333333
2023-09-26,26.412,91.16621288,7.412588912,0.704166667
2023-09-27,26.15158333,91.73053317,5.745519487,1.820833333
2023-09-28,26.41825,89.76710833,6.325594004,0.608333333
2023-09-29,26.29533333,89.42164308,7.097393471,0.295833333
2023-09-30,26.6745,88.78416908,5.972866483,0.2625
2023-01-10,26.14116667,91.60501133,7.177426925,0.795833333
2023-02-10,27.00575,91.50362379,7.732743592,0.945833333
2023-03-10,27.39325,91.08561717,5.999758867,1.075
2023-04-10,28.50575013,86.95064254,7.220526675,0.55
2023-05-10,28.6495,88.91622054,9.118963117,0.041666667
2023-06-10,27.04533333,86.87534704,7.610687892,0.125
2023-07-10,27.60991667,82.15525875,6.129447495,0.004166667
2023-08-10,26.9245,86.69850504,6.778925346,0.120833333
2023-09-10,27.27658333,86.83357779,8.743511425,0.004166667
2023-10-10,27.13491667,84.91790688,8.801782354,0.029166667
2023-11-10,27.25366667,84.44487308,10.64267793,0.008333333
2023-12-10,27.60991667,85.15597046,10.5728864,0.0125
2023-10-13,28.15991679,77.35182458,10.98476997,0.0
2023-10-14,27.97866667,75.36419238,11.90071852,0.0
2023-10-15,27.64325,83.43236321,11.68899467,0.0
2023-10-16,28.39325,84.15881992,10.28272684,0.0
2023-10-17,28.72241667,84.74047708,8.338940008,0.0
2023-10-18,28.59325038,85.74363179,7.271031608,0.0
2023-10-19,28.65783346,81.93248954,8.52211355,0.029166667
2023-10-20,28.97450025,67.42208958,7.930029046,0.0
2023-10-21,28.20366679,78.34641167,6.557171821,0.041666667
2023-10-22,29.24950013,69.41278133,9.557802546,0.0
2023-10-23,28.65783333,62.81578587,9.158396933,0.0
2023-10-24,28.72658358,70.88237533,7.798180038,0.0
2023-10-25,29.28908383,65.87559671,7.820960208,0.004166667
2023-10-26,28.79325038,71.75753571,7.500689538,0.0
2023-10-27,28.64741679,64.8910825,8.912048125,0.0
2023-10-28,28.75575025,58.13497229,8.721667783,0.0
2023-10-29,27.9932505,61.79529321,8.992525975,0.0
2023-10-30,27.72658346,57.87773542,9.303767633,0.0
2023-10-31,27.59325012,55.35761354,10.47839781,0.0
2023-01-11,27.32450025,55.01567592,10.08570147,0.0
2023-02-11,27.62241692,54.80657938,10.2908915,0.0
2023-03-11,27.52450038,59.54022463,7.561647079,0.0
2023-04-11,28.08908371,57.72331063,8.391333717,0.0
2023-05-11,27.62033333,58.11304217,8.894948963,0.0
2023-06-11,27.68283371,58.6841675,9.735008513,0.0
2023-07-11,28.20991679,54.79344583,11.37551547,0.0
2023-08-11,28.69950025,55.84608413,8.614514771,0.0
2023-09-11,28.90575013,59.93720904,9.264964971,0.0
2023-10-11,28.47866704,54.1537795,9.633470117,0.0
2023-11-11,28.03908383,55.23139338,9.340457517,0.0
2023-12-11,28.18700025,75.41384992,8.392058279,0.0
2023-11-13,28.59325012,75.17049208,6.307162663,0.0
2023-11-14,28.1745,73.09718171,7.270741496,0.045833333
2023-11-15,29.50575025,57.05221454,10.21840465,0.0
2023-11-16,29.40366717,51.37386029,9.906999566,0.0
2023-11-17,27.95991729,60.44975013,8.580880183,0.0
2023-11-18,27.45575025,63.80723125,8.116312729,0.0
2023-11-19,27.15366692,63.512876,8.370211567,0.0
2023-11-20,27.13491692,61.05738917,8.537743358,0.0
2023-11-21,27.20991692,59.10754154,9.847903854,0.0
2023-11-22,26.72866679,63.74939221,8.208841263,0.0
2023-11-23,27.34533346,60.17838558,10.04233989,0.0
2023-11-24,28.52866704,62.74245021,7.775207379,0.0
2023-11-25,28.48700012,54.98284033,10.9009027,0.0
2023-11-26,27.57033346,51.64960758,10.92395393,0.0
2023-11-27,27.28700038,54.00889533,10.1173691,0.0
2023-11-28,27.8995005,61.37121446,8.658839646,0.0
2023-11-29,28.35991704,71.37100192,8.0772391,0.0
2023-11-30,26.84116667,78.35787088,7.217618712,0.120833333
2023-01-12,26.15991667,78.34869758,7.408629321,0.016666667
2023-02-12,25.70575,70.27811021,10.19557506,0.0
2023-03-12,24.52866667,75.76226983,8.490186958,0.0
2023-04-12,25.17241667,78.36798346,9.211656129,0.0
2023-05-12,24.90158333,80.59108908,7.979021721,0.0125
2023-06-12,26.45575,73.86989708,7.573717213,0.0
2023-07-12,27.58908346,69.57128175,9.305473304,0.004166667
2023-08-12,28.05575038,66.32085967,11.5566388,0.008333333
2023-09-12,27.63491667,64.54370117,11.78998159,0.0
2023-10-12,26.49325,66.93316338,10.0938459,0.0
2023-11-12,25.95991667,67.52128333,10.87811877,0.0
2023-12-12,26.20783333,64.66907692,10.08157332,0.0
2023-12-13,26.22241667,62.59063225,10.37063495,0.0
2023-12-14,26.79950012,60.67136954,9.85222835,0.0
2023-12-15,26.23075013,58.60131071,10.49346091,0.0
2023-12-16,25.24116667,57.70255692,10.52669171,0.0
2023-12-17,25.41825,64.57963533,8.578163008,0.0
2023-12-18,26.17450012,56.97625804,7.676382704,0.0
2023-12-19,25.86616667,55.35399742,9.537062467,0.0
2023-12-20,25.22658333,52.43365225,11.03955813,0.0
2023-12-21,26.25991667,55.71288975,11.95299354,0.0
2023-12-22,27.44950025,49.75991233,12.23940641,0.0
2023-12-23,26.53700013,52.35968038,10.52799519,0.0
2023-12-24,25.98908333,49.49644829,9.882087796,0.0
2023-12-25,26.24533333,54.00552708,9.729045288,0.0
2023-12-26,25.75158333,64.54640833,7.826322696,0.0
2023-12-27,26.03283333,59.45098842,9.838851413,0.0
2023-12-28,25.1995,54.99334333,8.094521175,0.0
2023-12-29,25.237,53.02807779,9.479280229,0.0
2023-12-30,25.64116667,55.47761617,8.915399196,0.0
2023-12-31,26.52241692,54.59686158,10.66897253,0.0
2024-01-01,25.74325,61.94348263,8.984255158,0.0
2024-02-01,25.53491679,66.66560879,8.187554883,0.0
2024-03-01,25.31825,67.79717146,8.207597104,0.0
2024-04-01,25.56825,63.34078625,8.127302242,0.0
2024-05-01,25.25991667,66.18735363,9.132831175,0.0
2024-06-01,24.72241667,65.24331896,10.63245414,0.0
2024-07-01,24.23283333,68.94625146,11.24284926,0.0
2024-08-01,23.29533333,77.24865342,11.75075811,0.0
2024-09-01,23.42866667,70.09251604,10.42701429,0.0
2024-10-01,25.40783333,60.21386838,12.3473514,0.0
2024-11-01,25.54116667,64.45991933,9.631307575,0.0
2024-12-01,27.14116679,55.54487821,11.2404195,0.0
2024-01-13,26.07658333,73.27858008,7.056195779,0.029166667
2024-01-14,26.06825,69.50145438,7.725440733,0.0625
2024-01-15,27.34950013,63.12924104,11.15959528,0.0
2024-01-16,27.35575013,62.70728929,10.66251868,0.0
2024-01-17,26.63075038,60.09294125,10.23622133,0.0
2024-01-18,26.49741679,44.43258396,12.65981421,0.0
2024-01-19,23.91616667,46.46817879,11.95354134,0.0
2024-01-20,22.27033333,59.62258579,10.2692936,0.0
2024-01-21,22.25158333,66.12129917,9.206549996,0.0
2024-01-22,22.34325,66.08601292,9.32914525,0.0
2024-01-23,22.53283333,69.66773571,8.346692621,0.0
2024-01-24,23.29533333,59.88320567,12.8590673,0.0
2024-01-25,23.71408333,52.03212708,9.681315967,0.0
2024-01-26,23.64116667,50.44107604,11.06317047,0.0
2024-01-27,23.90158333,37.69797275,17.19749967,0.0
2024-01-28,23.66616667,39.90670529,12.95688313,0.0
2024-01-29,23.72658333,46.36263229,9.786412983,0.0
2024-01-30,23.91200013,48.68400563,9.842488371,0.0
2024-01-31,25.02241692,47.62976354,10.55066496,0.0
2024-01-02,25.30575013,44.02341908,10.74339464,0.0
2024-02-02,25.43700012,43.30694417,13.36942258,0.0
2024-03-02,24.50158333,53.57616717,12.19390675,0.0
2024-04-02,23.737,64.26892242,11.28177663,0.0
2024-05-02,23.05991667,73.93486625,10.89617683,0.0
2024-06-02,24.33491667,61.24795842,12.73563658,0.0
2024-07-02,26.58700038,48.799693,11.22177358,0.0
2024-08-02,26.30158346,56.49537842,8.023061478,0.0
2024-09-02,26.38283346,52.22788667,12.4627764,0.0
2024-10-02,26.18908333,59.49916338,13.92189489,0.0
2024-11-02,26.43491692,53.62336538,15.83660779,0.0
2024-12-02,25.41200013,55.99948479,13.77908233,0.0
2024-02-13,24.89741667,46.83379308,13.80470474,0.0
2024-02-14,24.50158333,42.6353935,14.48597326,0.0
,24.14741667,46.72083929,12.7116173,0.0
,24.84533333,51.47220187,10.49358416,0.0
,25.28491667,38.77764083,13.35398527,0.0
,26.04950012,39.21221792,16.28228215,0.0
,25.59741679,51.7576365,11.1618154,0.0
,26.40158371,56.44666171,8.05084735,0.0
,26.83491667,55.84733567,7.733674454,0.0
,26.28700038,58.1634055,12.04745425,0.0
,26.40991679,50.01165083,13.10369848,0.0
,24.9995,64.20218629,12.44620353,0.0
